image_name;crista_visual_id;instance_label_value;decoded_class;area_px;centroid_x;centroid_y;assigned_mito_id;assignment_status;overlap_details
C1_fibroV1535_20000x1A_mito;1;2001;2000;171;903.392;118.064;9;assigned;9[171 px]
C1_fibroV1535_20000x1A_mito;2;2002;2000;372;1340.47;1666.465;11;assigned;11[372 px]
C1_fibroV1535_20000x1A_mito;3;3001;3000;761;508.142;43.562;3;assigned;3[761 px]
C1_fibroV1535_20000x1A_mito;4;3002;3000;525;660.992;366.267;4;assigned;4[525 px]
C1_fibroV1535_20000x1A_mito;5;3003;3000;672;683.312;382.18;4;assigned;4[672 px]
C1_fibroV1535_20000x1A_mito;6;3004;3000;833;717.465;481.648;4;assigned;4[833 px]
C1_fibroV1535_20000x1A_mito;7;3005;3000;689;700.997;516.747;4;assigned;4[689 px]
C1_fibroV1535_20000x1A_mito;8;3006;3000;556;695.817;731.608;6;assigned;6[556 px]
C1_fibroV1535_20000x1A_mito;9;3007;3000;23;797.696;832.696;6;assigned;6[23 px]
C1_fibroV1535_20000x1A_mito;10;3008;3000;29;782.517;845.759;6;assigned;6[29 px]
C1_fibroV1535_20000x1A_mito;11;3009;3000;272;743.996;930.526;7;assigned;7[272 px]
C1_fibroV1535_20000x1A_mito;12;3010;3000;361;768.396;955.463;7;assigned;7[361 px]
C1_fibroV1535_20000x1A_mito;13;3011;3000;464;1428.108;1015.748;12;assigned;12[464 px]
C1_fibroV1535_20000x1A_mito;14;3012;3000;1;809.0;1002.0;7;assigned;7[1 px]
C1_fibroV1535_20000x1A_mito;15;3013;3000;283;775.996;1027.763;7;assigned;7[283 px]
C1_fibroV1535_20000x1A_mito;16;3014;3000;542;835.832;1060.574;7;assigned;7[542 px]
C1_fibroV1535_20000x1A_mito;17;3015;3000;525;1458.6;1053.966;12;assigned;12[525 px]
C1_fibroV1535_20000x1A_mito;18;3016;3000;537;786.616;1149.87;8;assigned;8[537 px]
C1_fibroV1535_20000x1A_mito;19;3017;3000;518;1687.824;1512.041;13;assigned;13[518 px]
C1_fibroV1535_20000x1A_mito;20;3018;3000;713;1260.269;1596.234;11;assigned;11[713 px]
C1_fibroV1535_20000x1A_mito;21;3019;3000;478;1540.013;1960.753;11;assigned;11[478 px]
C1_fibroV1535_20000x1A_mito;22;3020;3000;78;1612.974;2002.731;11;assigned;11[78 px]
C1_fibroV1535_20000x1A_mito;23;3021;3000;13;1613.923;2013.615;11;assigned;11[13 px]
C1_fibroV1535_20000x1A_mito;24;3022;3000;334;1623.536;2032.225;11;assigned;11[334 px]
C1_fibroV1535_20000x1A_mito;25;4001;4000;484;727.126;758.959;6;assigned;6[484 px]
C1_fibroV1535_20000x1A_mito;26;4002;4000;226;768.097;799.982;6;assigned;6[226 px]
C1_fibroV1535_20000x1A_mito;27;4003;4000;30;732.8;802.967;6;assigned;6[30 px]
C1_fibroV1535_20000x1A_mito;28;4004;4000;185;1601.811;1255.832;13;assigned;13[185 px]
C1_fibroV1535_20000x1A_mito;29;4005;4000;81;1624.63;1313.531;13;assigned;13[81 px]
C1_fibroV1535_20000x1A_mito;30;4006;4000;419;1335.344;1646.94;11;assigned;11[419 px]
C1_fibroV1535_20000x1A_mito;31;4007;4000;1;1339.0;1663.0;11;assigned;11[1 px]
C1_fibroV1535_20000x1A_mito;32;4008;4000;178;1277.185;1863.376;11;assigned;11[178 px]
C1_fibroV1535_20000x1A_mito;33;5001;5000;116;846.5;69.181;9;assigned;9[116 px]
C1_fibroV1535_20000x1A_mito;34;5002;5000;150;867.613;80.493;9;assigned;9[150 px]
C1_fibroV1535_20000x1A_mito;35;5003;5000;277;891.209;101.469;9;assigned;9[277 px]
C1_fibroV1535_20000x1A_mito;36;5004;5000;76;692.855;418.803;4;assigned;4[76 px]
C1_fibroV1535_20000x1A_mito;37;5005;5000;39;609.051;668.0;6;assigned;6[39 px]
C1_fibroV1535_20000x1A_mito;38;5006;5000;525;681.488;710.686;6;assigned;6[525 px]
C1_fibroV1535_20000x1A_mito;39;5007;5000;224;805.54;857.857;6;assigned;6[224 px]
C1_fibroV1535_20000x1A_mito;40;5008;5000;265;818.789;881.434;6;assigned;6[265 px]
C1_fibroV1535_20000x1A_mito;41;5009;5000;445;661.865;887.467;7;assigned;7[445 px]
C1_fibroV1535_20000x1A_mito;42;5010;5000;521;1411.207;993.202;12;assigned;12[521 px]
C1_fibroV1535_20000x1A_mito;43;5011;5000;365;776.0;985.532;7;assigned;7[365 px]
C1_fibroV1535_20000x1A_mito;44;5012;5000;172;828.314;1137.983;8;assigned;8[172 px]
C1_fibroV1535_20000x1A_mito;45;5013;5000;5;824.6;1153.2;8;assigned;8[5 px]
C1_fibroV1535_20000x1A_mito;46;5014;5000;174;810.19;1177.793;8;assigned;8[174 px]
C1_fibroV1535_20000x1A_mito;47;5015;5000;7;1640.571;1387.714;13;assigned;13[7 px]
C1_fibroV1535_20000x1A_mito;48;5016;5000;184;1665.489;1435.87;13;assigned;13[184 px]
C1_fibroV1535_20000x1A_mito;49;5017;5000;243;1693.514;1490.062;13;assigned;13[243 px]
C1_fibroV1535_20000x1A_mito;50;5018;5000;494;1690.419;1591.583;13;assigned;13[494 px]
C1_fibroV1535_20000x1A_mito;51;5019;5000;567;1301.189;1631.132;11;assigned;11[567 px]
C1_fibroV1535_20000x1A_mito;52;5020;5000;576;1369.014;1676.111;11;assigned;11[576 px]
C1_fibroV1535_20000x1A_mito;53;5021;5000;128;1377.984;1696.672;11;assigned;11[128 px]
C1_fibroV1535_20000x1A_mito;54;5022;5000;5;1693.6;1709.2;14;assigned;14[5 px]
C1_fibroV1535_20000x1A_mito;55;5023;5000;129;1302.519;1845.31;11;assigned;11[129 px]
C1_fibroV1535_20000x1A_mito;56;5024;5000;556;1259.656;1881.827;11;assigned;11[556 px]
C1_fibroV1535_20000x1A_mito;57;5025;5000;67;1466.284;1899.239;11;assigned;11[67 px]
C1_fibroV1535_20000x1A_mito;58;5026;5000;213;1657.859;2036.54;11;assigned;11[213 px]
C1_fibroV1535_20000x1A_mito;59;6001;6000;858;479.656;112.661;3;assigned;3[858 px]
C1_fibroV1535_20000x1A_mito;60;6002;6000;112;663.67;692.196;6;assigned;6[112 px]
C1_fibroV1535_20000x1A_mito;61;6003;6000;107;644.121;713.925;6;assigned;6[107 px]
C1_fibroV1535_20000x1A_mito;62;6004;6000;3;657.667;705.667;6;assigned;6[3 px]
C1_fibroV1535_20000x1A_mito;63;6005;6000;420;805.224;1039.95;7;assigned;7[420 px]
C1_fibroV1535_20000x1A_mito;64;8001;8000;105;1472.648;1096.971;12;assigned;12[105 px]
C1_fibroV1535_20000x1A_mito;65;8002;8000;74;1600.973;1281.405;13;assigned;13[74 px]
C1_fibroV1535_20000x1A_mito;66;8003;8000;44;1717.023;1574.977;13;assigned;13[44 px]
C1_fibroV1535_20000x1A_mito;67;8004;8000;46;1380.239;1739.739;11;assigned;11[46 px]
C1_fibroV1535_20000x1A_mito;68;8005;8000;76;1286.303;1841.461;11;assigned;11[76 px]
C1_fibroV1535_20000x1A_mito;69;8006;8000;122;1532.287;1933.27;11;assigned;11[122 px]
C1_fibroV1535_20000x1A_mito;70;10001;10000;118;675.602;862.517;7;assigned;7[118 px]
C1_fibroV1535_20000x1A_mito;71;10002;10000;674;718.377;890.718;7;assigned;7[674 px]
C1_fibroV1535_20000x1A_mito;72;10003;10000;14;730.5;1101.857;8;assigned;8[14 px]
C1_fibroV1535_20000x1A_mito;73;10004;10000;1044;748.658;1131.347;8;assigned;8[1044 px]
C1_fibroV1535_20000x1A_mito;74;10005;10000;67;1239.806;1565.866;11;assigned;11[67 px]
C1_fibroV1535_20000x1A_mito;75;10006;10000;631;1394.433;1783.269;11;assigned;11[631 px]
C1_fibroV1535_20000x1A_mito;76;10007;10000;1053;1364.673;1823.066;11;assigned;11[1053 px]
C1_fibroV1535_20000x1A_mito;77;10008;10000;641;1502.476;1939.747;11;assigned;11[641 px]
C1_fibroV1535_25000x5A_mito;1;2001;2000;750;1385.095;63.953;5;assigned;5[750 px]
C1_fibroV1535_25000x5A_mito;2;2002;2000;263;1380.068;955.179;2;assigned;2[263 px]
C1_fibroV1535_25000x5A_mito;3;2003;2000;527;1338.571;976.082;2;assigned;2[527 px]
C1_fibroV1535_25000x5A_mito;4;2004;2000;95;1374.074;972.253;2;assigned;2[95 px]
C1_fibroV1535_25000x5A_mito;5;2005;2000;4;1385.5;982.5;2;assigned;2[4 px]
C1_fibroV1535_25000x5A_mito;6;2006;2000;615;1362.766;1011.436;2;assigned;2[615 px]
C1_fibroV1535_25000x5A_mito;7;2007;2000;148;1366.318;1221.689;3;assigned;3[148 px]
C1_fibroV1535_25000x5A_mito;8;2008;2000;359;1421.724;1222.616;3;assigned;3[359 px]
C1_fibroV1535_25000x5A_mito;9;3001;3000;247;1435.126;163.696;5;assigned;5[247 px]
C1_fibroV1535_25000x5A_mito;10;3002;3000;996;1344.906;913.157;2;assigned;2[996 px]
C1_fibroV1535_25000x5A_mito;11;3003;3000;28;1365.5;972.0;2;assigned;2[28 px]
C1_fibroV1535_25000x5A_mito;12;3004;3000;796;1350.558;994.275;2;assigned;2[796 px]
C1_fibroV1535_25000x5A_mito;13;3005;3000;1161;1348.762;1045.625;2;assigned;2[1161 px]
C1_fibroV1535_25000x5A_mito;14;3006;3000;1130;1408.117;1670.682;4;assigned;4[1130 px]
C1_fibroV1535_25000x5A_mito;15;3007;3000;496;1404.093;1697.752;4;assigned;4[496 px]
C1_fibroV1535_25000x5A_mito;16;4001;4000;202;1472.104;10.109;5;assigned;5[202 px]
C1_fibroV1535_25000x5A_mito;17;4002;4000;567;1351.748;773.757;2;assigned;2[567 px]
C1_fibroV1535_25000x5A_mito;18;5001;5000;6;1497.0;72.5;5;assigned;5[6 px]
C1_fibroV1535_25000x5A_mito;19;5002;5000;24;1486.583;82.042;5;assigned;5[24 px]
C1_fibroV1535_25000x5A_mito;20;5003;5000;10;1496.6;85.0;5;assigned;5[10 px]
C1_fibroV1535_25000x5A_mito;21;5004;5000;330;1477.033;113.0;5;assigned;5[330 px]
C1_fibroV1535_25000x5A_mito;22;5005;5000;1315;1436.57;139.015;5;assigned;5[1315 px]
C1_fibroV1535_25000x5A_mito;23;5006;5000;1066;1177.238;569.149;1;assigned;1[1066 px]
C1_fibroV1535_25000x5A_mito;24;5007;5000;1026;1138.032;569.804;1;assigned;1[1026 px]
C1_fibroV1535_25000x5A_mito;25;5008;5000;2;1159.0;566.5;1;assigned;1[2 px]
C1_fibroV1535_25000x5A_mito;26;5009;5000;8;1156.25;570.0;1;assigned;1[8 px]
C1_fibroV1535_25000x5A_mito;27;5010;5000;1664;1168.014;655.602;1;assigned;1[1664 px]
C1_fibroV1535_25000x5A_mito;28;5011;5000;786;1129.411;653.042;1;assigned;1[786 px]
C1_fibroV1535_25000x5A_mito;29;5012;5000;10;1125.1;681.0;1;assigned;1[10 px]
C1_fibroV1535_25000x5A_mito;30;5013;5000;1169;1330.98;754.013;2;assigned;2[1169 px]
C1_fibroV1535_25000x5A_mito;31;5014;5000;2;1322.5;775.0;2;assigned;2[2 px]
C1_fibroV1535_25000x5A_mito;32;5015;5000;16;1316.875;780.625;2;assigned;2[16 px]
C1_fibroV1535_25000x5A_mito;33;5016;5000;1029;1335.711;799.948;2;assigned;2[1029 px]
C1_fibroV1535_25000x5A_mito;34;5017;5000;992;1346.594;864.441;2;assigned;2[992 px]
C1_fibroV1535_25000x5A_mito;35;5018;5000;646;1354.435;1092.511;2;assigned;2[646 px]
C1_fibroV1535_25000x5A_mito;36;5019;5000;648;1366.383;1147.201;3;assigned;3[648 px]
C1_fibroV1535_25000x5A_mito;37;5020;5000;1840;1408.908;1176.992;3;assigned;3[1840 px]
C1_fibroV1535_25000x5A_mito;38;5021;5000;378;1383.989;1229.86;3;assigned;3[378 px]
C1_fibroV1535_25000x5A_mito;39;5022;5000;636;1408.324;1284.358;3;assigned;3[636 px]
C1_fibroV1535_25000x5A_mito;40;5023;5000;386;1387.269;1312.254;3;assigned;3[386 px]
C1_fibroV1535_25000x5A_mito;41;5024;5000;4;1415.5;1299.0;3;assigned;3[4 px]
C1_fibroV1535_25000x5A_mito;42;5025;5000;181;1416.564;1311.331;3;assigned;3[181 px]
C1_fibroV1535_25000x5A_mito;43;5026;5000;891;1398.676;1636.664;4;assigned;4[891 px]
C1_fibroV1535_25000x5A_mito;44;5027;5000;1;1365.0;1627.0;4;assigned;4[1 px]
C1_fibroV1535_25000x5A_mito;45;7001;7000;246;1331.659;888.626;2;assigned;2[246 px]
C1_fibroV1535_25000x5A_mito;46;8001;8000;85;1494.118;66.929;5;assigned;5[85 px]
C1_fibroV1535_25000x5A_mito;47;8002;8000;320;1130.516;466.769;1;assigned;1[320 px]
C1_fibroV1535_25000x5A_mito;48;8003;8000;169;1308.657;719.994;2;assigned;2[169 px]
C1_fibroV1535_25000x5A_mito;49;8004;8000;69;1311.275;852.942;2;assigned;2[69 px]
C1_fibroV1535_25000x5A_mito;50;8005;8000;423;1384.374;928.331;2;assigned;2[423 px]
C1_fibroV1535_25000x5A_mito;51;11001;11000;35;1368.171;19.0;5;assigned;5[35 px]
C1_fibroV1535_25000x5A_mito;52;11002;11000;163;1414.061;36.294;5;assigned;5[163 px]
C1_fibroV1535_25000xA_mito;1;2001;2000;138;1156.493;349.29;4;assigned;4[138 px]
C1_fibroV1535_25000xA_mito;2;2002;2000;335;1296.77;500.269;4;assigned;4[335 px]
C1_fibroV1535_25000xA_mito;3;2003;2000;262;1317.061;536.29;4;assigned;4[262 px]
C1_fibroV1535_25000xA_mito;4;2004;2000;371;1789.334;902.747;9;assigned;9[371 px]
C1_fibroV1535_25000xA_mito;5;2005;2000;358;1005.835;990.126;3;assigned;3[358 px]
C1_fibroV1535_25000xA_mito;6;2006;2000;714;1015.256;1061.433;3;assigned;3[714 px]
C1_fibroV1535_25000xA_mito;7;2007;2000;477;966.985;1055.836;3;assigned;3[477 px]
C1_fibroV1535_25000xA_mito;8;2008;2000;516;1045.5;1068.01;3;assigned;3[516 px]
C1_fibroV1535_25000xA_mito;9;2009;2000;217;1152.29;1071.677;3;assigned;3[217 px]
C1_fibroV1535_25000xA_mito;10;2010;2000;465;586.101;1508.652;1;assigned;1[465 px]
C1_fibroV1535_25000xA_mito;11;2011;2000;566;417.585;1573.037;1;assigned;1[566 px]
C1_fibroV1535_25000xA_mito;12;2012;2000;237;363.608;1580.004;1;assigned;1[237 px]
C1_fibroV1535_25000xA_mito;13;2013;2000;324;352.133;1619.327;1;assigned;1[324 px]
C1_fibroV1535_25000xA_mito;14;2014;2000;334;288.207;1703.916;1;assigned;1[334 px]
C1_fibroV1535_25000xA_mito;15;3001;3000;1393;1189.682;313.62;4;assigned;4[1393 px]
C1_fibroV1535_25000xA_mito;16;3002;3000;962;1200.749;398.374;4;assigned;4[962 px]
C1_fibroV1535_25000xA_mito;17;3003;3000;856;1215.675;417.39;4;assigned;4[856 px]
C1_fibroV1535_25000xA_mito;18;3004;3000;626;1235.565;441.137;4;assigned;4[626 px]
C1_fibroV1535_25000xA_mito;19;3005;3000;1056;1329.363;907.755;3;assigned;3[1056 px]
C1_fibroV1535_25000xA_mito;20;3006;3000;1214;584.292;1645.57;1;assigned;1[1214 px]
C1_fibroV1535_25000xA_mito;21;3007;3000;643;1455.24;1633.196;6;assigned;6[643 px]
C1_fibroV1535_25000xA_mito;22;3008;3000;928;1850.269;1679.581;8;assigned;8[928 px]
C1_fibroV1535_25000xA_mito;23;3009;3000;1052;313.243;1733.098;1;assigned;1[1052 px]
C1_fibroV1535_25000xA_mito;24;3010;3000;3;1876.667;1705.667;8;assigned;8[3 px]
C1_fibroV1535_25000xA_mito;25;3011;3000;558;1677.806;1730.104;8;assigned;8[558 px]
C1_fibroV1535_25000xA_mito;26;3012;3000;1120;1407.519;1766.102;8;assigned;8[1120 px]
C1_fibroV1535_25000xA_mito;27;4001;4000;89;674.978;460.798;2;assigned;2[89 px]
C1_fibroV1535_25000xA_mito;28;4002;4000;298;1256.185;829.396;5;assigned;5[298 px]
C1_fibroV1535_25000xA_mito;29;4003;4000;444;1866.194;847.595;9;assigned;9[444 px]
C1_fibroV1535_25000xA_mito;30;4004;4000;1016;1812.629;895.106;9;assigned;9[1016 px]
C1_fibroV1535_25000xA_mito;31;4005;4000;979;1147.183;936.79;3;assigned;3[979 px]
C1_fibroV1535_25000xA_mito;32;4006;4000;747;1268.863;951.533;3;assigned;3[747 px]
C1_fibroV1535_25000xA_mito;33;4007;4000;1;1271.0;972.0;3;assigned;3[1 px]
C1_fibroV1535_25000xA_mito;34;4008;4000;238;1268.387;983.387;3;assigned;3[238 px]
C1_fibroV1535_25000xA_mito;35;4009;4000;618;1019.979;1007.231;3;assigned;3[618 px]
C1_fibroV1535_25000xA_mito;36;4010;4000;402;943.02;1049.216;3;assigned;3[402 px]
C1_fibroV1535_25000xA_mito;37;4011;4000;279;1124.093;1072.297;3;assigned;3[279 px]
C1_fibroV1535_25000xA_mito;38;4012;4000;282;443.443;1564.787;1;assigned;1[282 px]
C1_fibroV1535_25000xA_mito;39;4013;4000;871;550.393;1583.449;1;assigned;1[871 px]
C1_fibroV1535_25000xA_mito;40;4014;4000;1812;552.896;1654.421;1;assigned;1[1812 px]
C1_fibroV1535_25000xA_mito;41;4015;4000;191;415.372;1618.366;1;assigned;1[191 px]
C1_fibroV1535_25000xA_mito;42;4016;4000;471;451.257;1651.766;1;assigned;1[471 px]
C1_fibroV1535_25000xA_mito;43;4017;4000;403;395.226;1680.355;1;assigned;1[403 px]
C1_fibroV1535_25000xA_mito;44;4018;4000;124;368.379;1679.379;1;assigned;1[124 px]
C1_fibroV1535_25000xA_mito;45;4019;4000;580;466.022;1713.295;1;assigned;1[580 px]
C1_fibroV1535_25000xA_mito;46;4020;4000;383;392.475;1720.728;1;assigned;1[383 px]
C1_fibroV1535_25000xA_mito;47;4021;4000;359;370.482;1726.323;1;assigned;1[359 px]
C1_fibroV1535_25000xA_mito;48;4022;4000;64;491.25;1721.891;1;assigned;1[64 px]
C1_fibroV1535_25000xA_mito;49;4023;4000;241;201.29;1733.606;1;assigned;1[241 px]
C1_fibroV1535_25000xA_mito;50;4024;4000;522;1725.391;1745.182;8;assigned;8[522 px]
C1_fibroV1535_25000xA_mito;51;4025;4000;182;339.236;1739.374;1;assigned;1[182 px]
C1_fibroV1535_25000xA_mito;52;4026;4000;286;194.161;1815.091;1;assigned;1[286 px]
C1_fibroV1535_25000xA_mito;53;4027;4000;756;117.22;1827.593;1;assigned;1[756 px]
C1_fibroV1535_25000xA_mito;54;5001;5000;548;1163.002;157.148;4;assigned;4[548 px]
C1_fibroV1535_25000xA_mito;55;5002;5000;787;1261.352;484.621;4;assigned;4[787 px]
C1_fibroV1535_25000xA_mito;56;5003;5000;333;1241.532;717.835;5;assigned;5[333 px]
C1_fibroV1535_25000xA_mito;57;5004;5000;619;1238.725;734.901;5;assigned;5[619 px]
C1_fibroV1535_25000xA_mito;58;5005;5000;1047;1369.628;845.31;3;assigned;3[1047 px]
C1_fibroV1535_25000xA_mito;59;5006;5000;11;1375.909;829.182;3;assigned;3[11 px]
C1_fibroV1535_25000xA_mito;60;5007;5000;928;1308.909;922.3;3;assigned;3[928 px]
C1_fibroV1535_25000xA_mito;61;5008;5000;1307;1109.2;941.12;3;assigned;3[1307 px]
C1_fibroV1535_25000xA_mito;62;5009;5000;667;959.141;968.076;3;assigned;3[667 px]
C1_fibroV1535_25000xA_mito;63;5010;5000;517;894.182;994.7;3;assigned;3[517 px]
C1_fibroV1535_25000xA_mito;64;5011;5000;2428;1132.009;1013.727;3;assigned;3[2428 px]
C1_fibroV1535_25000xA_mito;65;5012;5000;357;650.683;1486.905;1;assigned;1[357 px]
C1_fibroV1535_25000xA_mito;66;5013;5000;1094;396.492;1595.546;1;assigned;1[1094 px]
C1_fibroV1535_25000xA_mito;67;5014;5000;786;1495.149;1573.944;6;assigned;6[786 px]
C1_fibroV1535_25000xA_mito;68;5015;5000;277;334.368;1633.588;1;assigned;1[277 px]
C1_fibroV1535_25000xA_mito;69;5016;5000;2676;1793.637;1686.415;8;assigned;8[2676 px]
C1_fibroV1535_25000xA_mito;70;5017;5000;1251;425.532;1697.81;1;assigned;1[1251 px]
C1_fibroV1535_25000xA_mito;71;5018;5000;1388;1623.433;1817.076;7;assigned;7[1388 px]
C1_fibroV1535_25000xA_mito;72;5019;5000;650;1676.766;1861.965;7;assigned;7[650 px]
C1_fibroV1535_25000xA_mito;73;5020;5000;490;92.388;1879.116;1;assigned;1[490 px]
C1_fibroV1535_25000xA_mito;74;6001;6000;1066;569.412;1544.6;1;assigned;1[1066 px]
C1_fibroV1535_25000xA_mito;75;6002;6000;281;589.886;1536.658;1;assigned;1[281 px]
C1_fibroV1535_25000xA_mito;76;6003;6000;1075;482.252;1581.842;1;assigned;1[1075 px]
C1_fibroV1535_25000xA_mito;77;6004;6000;1920;168.004;1808.537;1;assigned;1[1920 px]
C1_fibroV1535_25000xA_mito;78;8001;8000;233;1240.348;272.129;4;assigned;4[233 px]
C1_fibroV1535_25000xA_mito;79;8002;8000;68;1301.265;575.853;4;assigned;4[68 px]
C1_fibroV1535_25000xA_mito;80;8003;8000;254;1199.13;750.331;5;assigned;5[254 px]
C1_fibroV1535_25000xA_mito;81;8004;8000;254;1179.709;780.768;5;assigned;5[254 px]
C1_fibroV1535_25000xA_mito;82;8005;8000;246;1819.146;796.228;9;assigned;9[246 px]
C1_fibroV1535_25000xA_mito;83;8006;8000;422;1412.081;893.82;3;assigned;3[422 px]
C1_fibroV1535_25000xA_mito;84;8007;8000;335;1215.197;921.185;3;assigned;3[335 px]
C1_fibroV1535_25000xA_mito;85;8008;8000;2;1229.5;914.0;3;assigned;3[2 px]
C1_fibroV1535_25000xA_mito;86;8009;8000;603;1109.33;983.002;3;assigned;3[603 px]
C1_fibroV1535_25000xA_mito;87;8010;8000;2;1108.5;995.0;3;assigned;3[2 px]
C1_fibroV1535_25000xA_mito;88;8011;8000;193;1233.803;1029.383;3;assigned;3[193 px]
C1_fibroV1535_25000xA_mito;89;8012;8000;20;1170.65;1064.35;3;assigned;3[20 px]
C1_fibroV1535_25000xA_mito;90;8013;8000;24;618.0;1479.917;1;assigned;1[24 px]
C1_fibroV1535_25000xA_mito;91;8014;8000;76;639.895;1528.329;1;assigned;1[76 px]
C1_fibroV1535_25000xA_mito;92;8015;8000;44;624.636;1530.25;1;assigned;1[44 px]
C1_fibroV1535_25000xA_mito;93;8016;8000;1;631.0;1533.0;1;assigned;1[1 px]
C1_fibroV1535_25000xA_mito;94;8017;8000;143;506.755;1551.294;1;assigned;1[143 px]
C1_fibroV1535_25000xA_mito;95;8018;8000;395;1861.567;1648.676;8;assigned;8[395 px]
C1_fibroV1535_25000xA_mito;96;8019;8000;2;1457.5;1726.0;8;assigned;8[2 px]
C1_fibroV1535_25000xA_mito;97;8020;8000;408;253.946;1782.676;1;assigned;1[408 px]
C1_fibroV1535_25000xA_mito;98;8021;8000;305;1628.711;1857.485;7;assigned;7[305 px]
C1_fibroV1535_25000xA_mito;99;11001;11000;4;1030.25;1030.75;3;assigned;3[4 px]
C1_fibroV1535_25000xA_mito;100;11002;11000;112;1040.768;1042.455;3;assigned;3[112 px]
C1_fibroV1535_30000x4A_mito;1;2001;2000;762;410.192;1536.211;1;assigned;1[762 px]
C1_fibroV1535_30000x4A_mito;2;3001;3000;804;1004.856;226.338;2;assigned;2[804 px]
C1_fibroV1535_30000x4A_mito;3;3002;3000;81;503.272;1192.691;1;assigned;1[81 px]
C1_fibroV1535_30000x4A_mito;4;3003;3000;804;561.095;1216.509;1;assigned;1[804 px]
C1_fibroV1535_30000x4A_mito;5;3004;3000;1330;382.928;1561.502;1;assigned;1[1330 px]
C1_fibroV1535_30000x4A_mito;6;4001;4000;503;620.197;1097.805;1;assigned;1[503 px]
C1_fibroV1535_30000x4A_mito;7;4002;4000;348;548.526;1286.118;1;assigned;1[348 px]
C1_fibroV1535_30000x4A_mito;8;4003;4000;370;455.608;1362.441;1;assigned;1[370 px]
C1_fibroV1535_30000x4A_mito;9;5001;5000;810;1052.779;164.262;2;assigned;2[810 px]
C1_fibroV1535_30000x4A_mito;10;5002;5000;297;703.687;962.448;1;assigned;1[297 px]
C1_fibroV1535_30000x4A_mito;11;5003;5000;38;498.5;1231.868;1;assigned;1[38 px]
C1_fibroV1535_30000x4A_mito;12;5004;5000;548;553.752;1250.1;1;assigned;1[548 px]
C1_fibroV1535_30000x4A_mito;13;5005;5000;846;502.169;1341.402;1;assigned;1[846 px]
C1_fibroV1535_30000x4A_mito;14;5006;5000;850;454.631;1411.774;1;assigned;1[850 px]
C1_fibroV1535_30000x4A_mito;15;5007;5000;1090;443.118;1441.573;1;assigned;1[1090 px]
C1_fibroV1535_30000x4A_mito;16;5008;5000;1272;414.52;1488.229;1;assigned;1[1272 px]
C1_fibroV1535_30000x4A_mito;17;5009;5000;1724;358.487;1623.085;1;assigned;1[1724 px]
C1_fibroV1535_30000x4A_mito;18;5010;5000;1478;331.234;1674.558;1;assigned;1[1478 px]
C1_fibroV1535_30000x4A_mito;19;5011;5000;1044;304.664;1703.537;1;assigned;1[1044 px]
C1_fibroV1535_30000x4A_mito;20;5012;5000;1309;304.966;1779.048;1;assigned;1[1309 px]
C1_fibroV1535_30000x4A_mito;21;6001;6000;152;625.638;1018.434;1;assigned;1[152 px]
C1_fibroV1535_30000x4A_mito;22;8001;8000;214;645.411;1087.112;1;assigned;1[214 px]
C1_fibroV1535_30000x4A_mito;23;8002;8000;215;486.767;1291.433;1;assigned;1[215 px]
C1_fibroV1535_30000x4A_mito;24;8003;8000;111;554.189;1319.045;1;assigned;1[111 px]
C1_fibroV1535_30000x4A_mito;25;8004;8000;64;432.547;1374.531;1;assigned;1[64 px]
C1_fibroV1535_30000x4A_mito;26;11001;11000;8;1077.5;201.0;2;assigned;2[8 px]
C1_fibroV1535_30000x4A_mito;27;11002;11000;19;1066.632;202.842;2;assigned;2[19 px]
C1_fibroV1535_30000xA_mito;1;2001;2000;169;915.473;880.675;2;assigned;2[169 px]
C1_fibroV1535_30000xA_mito;2;4001;4000;1753;1285.576;767.454;4;assigned;4[1753 px]
C1_fibroV1535_30000xA_mito;3;4002;4000;479;1413.787;795.674;4;assigned;4[479 px]
C1_fibroV1535_30000xA_mito;4;4003;4000;38;1152.342;796.368;4;assigned;4[38 px]
C1_fibroV1535_30000xA_mito;5;4004;4000;24;1157.708;808.708;4;assigned;4[24 px]
C1_fibroV1535_30000xA_mito;6;4005;4000;32;1161.625;829.562;4;assigned;4[32 px]
C1_fibroV1535_30000xA_mito;7;4006;4000;598;883.967;863.015;2;assigned;2[598 px]
C1_fibroV1535_30000xA_mito;8;4007;4000;16;1370.188;1029.812;3;assigned;3[16 px]
C1_fibroV1535_30000xA_mito;9;4008;4000;591;1363.628;1058.748;3;assigned;3[591 px]
C1_fibroV1535_30000xA_mito;10;4009;4000;1971;1192.812;1095.495;3;assigned;3[1971 px]
C1_fibroV1535_30000xA_mito;11;4010;4000;950;1288.371;1093.573;3;assigned;3[950 px]
C1_fibroV1535_30000xA_mito;12;4011;4000;622;1416.572;1083.056;3;assigned;3[622 px]
C1_fibroV1535_30000xA_mito;13;4012;4000;499;1258.387;1118.074;3;assigned;3[499 px]
C1_fibroV1535_30000xA_mito;14;5001;5000;1929;1338.025;774.917;4;assigned;4[1929 px]
C1_fibroV1535_30000xA_mito;15;5002;5000;1199;1209.887;797.307;4;assigned;4[1199 px]
C1_fibroV1535_30000xA_mito;16;5003;5000;1780;837.791;895.59;2;assigned;2[1780 px]
C1_fibroV1535_30000xA_mito;17;5004;5000;1597;723.907;920.346;2;assigned;2[1597 px]
C1_fibroV1535_30000xA_mito;18;5005;5000;1355;686.632;927.443;2;assigned;2[1355 px]
C1_fibroV1535_30000xA_mito;19;5006;5000;1209;1338.304;1071.566;3;assigned;3[1209 px]
C1_fibroV1535_30000xA_mito;20;7001;7000;493;1384.247;773.225;4;assigned;4[493 px]
C1_fibroV1535_30000xA_mito;21;8001;8000;66;936.333;887.591;2;assigned;2[66 px]
C1_fibroV1535_30000xA_mito;22;8002;8000;377;1190.48;1072.279;3;assigned;3[377 px]
C1_fibroV1535_30000xA_mito;23;10001;10000;61;192.869;1072.164;1;assigned;1[61 px]
C1_fibroV1535_30000xA_mito;24;10002;10000;162;209.111;1079.08;1;assigned;1[162 px]
C1_fibroV1535_30000xA_mito_2;1;2001;2000;855;1360.063;966.201;6;assigned;6[855 px]
C1_fibroV1535_30000xA_mito_2;2;2002;2000;769;1387.481;986.315;6;assigned;6[769 px]
C1_fibroV1535_30000xA_mito_2;3;2003;2000;345;767.354;1020.058;5;assigned;5[345 px]
C1_fibroV1535_30000xA_mito_2;4;3001;3000;1069;816.248;976.734;5;assigned;5[1069 px]
C1_fibroV1535_30000xA_mito_2;5;3002;3000;218;260.275;1063.174;3;assigned;3[218 px]
C1_fibroV1535_30000xA_mito_2;6;4001;4000;95;1682.905;794.463;7;assigned;7[95 px]
C1_fibroV1535_30000xA_mito_2;7;4002;4000;290;1686.024;810.414;7;assigned;7[290 px]
C1_fibroV1535_30000xA_mito_2;8;4003;4000;268;1871.854;813.168;7;assigned;7[268 px]
C1_fibroV1535_30000xA_mito_2;9;4004;4000;1148;1941.701;893.05;7;assigned;7[1148 px]
C1_fibroV1535_30000xA_mito_2;10;4005;4000;489;961.043;980.593;5;assigned;5[489 px]
C1_fibroV1535_30000xA_mito_2;11;4006;4000;1002;907.133;995.556;5;assigned;5[1002 px]
C1_fibroV1535_30000xA_mito_2;12;4007;4000;83;526.94;1048.699;5;assigned;5[83 px]
C1_fibroV1535_30000xA_mito_2;13;5001;5000;1009;1721.819;820.607;7;assigned;7[1009 px]
C1_fibroV1535_30000xA_mito_2;14;5002;5000;1012;1750.175;829.31;7;assigned;7[1012 px]
C1_fibroV1535_30000xA_mito_2;15;5003;5000;1474;1808.599;842.809;7;assigned;7[1474 px]
C1_fibroV1535_30000xA_mito_2;16;5004;5000;2154;1899.261;863.322;7;assigned;7[2154 px]
C1_fibroV1535_30000xA_mito_2;17;5005;5000;1054;830.697;849.607;5;assigned;5[1054 px]
C1_fibroV1535_30000xA_mito_2;18;5006;5000;1631;1977.665;883.727;7;assigned;7[1631 px]
C1_fibroV1535_30000xA_mito_2;19;5007;5000;492;367.785;863.555;2;assigned;2[492 px]
C1_fibroV1535_30000xA_mito_2;20;5008;5000;906;241.035;922.111;2;assigned;2[906 px]
C1_fibroV1535_30000xA_mito_2;21;5009;5000;347;204.718;915.787;2;assigned;2[347 px]
C1_fibroV1535_30000xA_mito_2;22;5010;5000;1358;1338.049;957.326;6;assigned;6[1358 px]
C1_fibroV1535_30000xA_mito_2;23;5011;5000;988;1431.216;950.278;6;assigned;6[988 px]
C1_fibroV1535_30000xA_mito_2;24;5012;5000;1;210.0;936.0;2;assigned;2[1 px]
C1_fibroV1535_30000xA_mito_2;25;5013;5000;49;217.347;964.51;2;assigned;2[49 px]
C1_fibroV1535_30000xA_mito_2;26;5014;5000;6;220.5;962.0;2;assigned;2[6 px]
C1_fibroV1535_30000xA_mito_2;27;5015;5000;667;623.568;1013.184;5;assigned;5[667 px]
C1_fibroV1535_30000xA_mito_2;28;5016;5000;926;598.298;1024.301;5;assigned;5[926 px]
C1_fibroV1535_30000xA_mito_2;29;5017;5000;162;233.747;1006.556;2;assigned;2[162 px]
C1_fibroV1535_30000xA_mito_2;30;5018;5000;10;173.8;1029.5;2;assigned;2[10 px]
C1_fibroV1535_30000xA_mito_2;31;6001;6000;1298;716.469;988.719;5;assigned;5[1298 px]
C1_fibroV1535_30000xA_mito_2;32;8001;8000;766;914.627;846.151;5;assigned;5[766 px]
C1_fibroV1535_30000xA_mito_2;33;11001;11000;678;1292.947;944.462;6;assigned;6[678 px]
C1_fibroV1535_30000xA_mito_2;34;11002;11000;53;1250.208;949.302;6;assigned;6[53 px]
C1_fibroV1535_30000xA_mito_2;35;11003;11000;156;1271.333;964.609;6;assigned;6[156 px]
C1_fibroV1535_30000xA_mito_3;1;3001;3000;1292;1202.868;818.036;2;assigned;2[1292 px]
C1_fibroV1535_30000xA_mito_3;2;4001;4000;363;1289.314;762.072;2;assigned;2[363 px]
C1_fibroV1535_30000xA_mito_3;3;4002;4000;19;916.474;1099.263;1;assigned;1[19 px]
C1_fibroV1535_30000xA_mito_3;4;4003;4000;2;874.0;1113.5;1;assigned;1[2 px]
C1_fibroV1535_30000xA_mito_3;5;4004;4000;163;849.356;1166.117;1;assigned;1[163 px]
C1_fibroV1535_30000xA_mito_3;6;4005;4000;534;1987.985;1196.479;5;assigned;5[534 px]
C1_fibroV1535_30000xA_mito_3;7;5001;5000;170;1683.553;753.029;3;assigned;3[170 px]
C1_fibroV1535_30000xA_mito_3;8;5002;5000;1105;1259.296;801.11;2;assigned;2[1105 px]
C1_fibroV1535_30000xA_mito_3;9;5003;5000;1757;1138.187;843.859;2;assigned;2[1757 px]
C1_fibroV1535_30000xA_mito_3;10;5004;5000;873;1052.667;874.951;2;assigned;2[873 px]
C1_fibroV1535_30000xA_mito_3;11;5005;5000;928;1015.399;893.026;2;assigned;2[928 px]
C1_fibroV1535_30000xA_mito_3;12;5006;5000;785;958.102;910.708;2;assigned;2[785 px]
C1_fibroV1535_30000xA_mito_3;13;5007;5000;1686;908.205;944.995;2;assigned;2[1686 px]
C1_fibroV1535_30000xA_mito_3;14;5008;5000;2741;1955.262;1243.51;5;assigned;5[2741 px]
C1_fibroV1535_30000xA_mito_3;15;7001;7000;7;1897.714;54.857;4;assigned;4[7 px]
C1_fibroV1535_30000xA_mito_3;16;7002;7000;411;888.73;978.976;2;assigned;2[411 px]
C1_fibroV1535_30000xA_mito_3;17;8001;8000;118;1291.356;834.11;2;assigned;2[118 px]
C1_fibroV1535_30000xA_mito_3;18;8002;8000;7;1910.0;1257.286;5;assigned;5[7 px]
C1_fibroV1535_30000xA_mito_3;19;8003;8000;5;1901.4;1273.2;5;assigned;5[5 px]
C1_fibroV1535_40000x1A_mito;1;2001;2000;1082;1205.311;1023.731;5;assigned;5[1082 px]
C1_fibroV1535_40000x1A_mito;2;3001;3000;2309;1505.416;703.69;5;assigned;5[2309 px]
C1_fibroV1535_40000x1A_mito;3;3002;3000;1994;1382.588;787.843;5;assigned;5[1994 px]
C1_fibroV1535_40000x1A_mito;4;4001;4000;33;1879.0;149.333;6;assigned;6[33 px]
C1_fibroV1535_40000x1A_mito;5;4002;4000;1086;1304.169;177.838;4;assigned;4[1086 px]
C1_fibroV1535_40000x1A_mito;6;4003;4000;65;1334.585;162.708;4;assigned;4[65 px]
C1_fibroV1535_40000x1A_mito;7;4004;4000;20;1276.75;205.45;4;assigned;4[20 px]
C1_fibroV1535_40000x1A_mito;8;4005;4000;2070;1315.404;277.03;4;assigned;4[2070 px]
C1_fibroV1535_40000x1A_mito;9;4006;4000;1143;1601.845;691.814;5;assigned;5[1143 px]
C1_fibroV1535_40000x1A_mito;10;4007;4000;1201;1562.376;706.789;5;assigned;5[1201 px]
C1_fibroV1535_40000x1A_mito;11;4008;4000;1482;1247.595;984.634;5;assigned;5[1482 px]
C1_fibroV1535_40000x1A_mito;12;5001;5000;804;1831.683;115.718;6;assigned;6[804 px]
C1_fibroV1535_40000x1A_mito;13;5002;5000;11;1878.727;152.455;6;assigned;6[11 px]
C1_fibroV1535_40000x1A_mito;14;5003;5000;2725;1835.138;202.348;6;assigned;6[2725 px]
C1_fibroV1535_40000x1A_mito;15;5004;5000;1;1812.0;232.0;6;assigned;6[1 px]
C1_fibroV1535_40000x1A_mito;16;5005;5000;22;1806.5;237.182;6;assigned;6[22 px]
C1_fibroV1535_40000x1A_mito;17;5006;5000;2462;1840.698;345.712;6;assigned;6[2462 px]
C1_fibroV1535_40000x1A_mito;18;5007;5000;1305;1640.69;550.666;5;assigned;5[1305 px]
C1_fibroV1535_40000x1A_mito;19;5008;5000;1722;1618.061;589.135;5;assigned;5[1722 px]
C1_fibroV1535_40000x1A_mito;20;5009;5000;2898;1591.552;625.028;5;assigned;5[2898 px]
C1_fibroV1535_40000x1A_mito;21;5010;5000;2414;1479.41;727.678;5;assigned;5[2414 px]
C1_fibroV1535_40000x1A_mito;22;5011;5000;2225;1431.302;763.883;5;assigned;5[2225 px]
C1_fibroV1535_40000x1A_mito;23;5012;5000;2037;1311.204;867.081;5;assigned;5[2037 px]
C1_fibroV1535_40000x1A_mito;24;5013;5000;2428;1269.94;936.842;5;assigned;5[2428 px]
C1_fibroV1535_40000x1A_mito;25;5014;5000;1538;597.871;993.001;2;assigned;2[1538 px]
C1_fibroV1535_40000x1A_mito;26;5015;5000;2067;635.344;1058.938;2;assigned;2[2067 px]
C1_fibroV1535_40000x1A_mito;27;5016;5000;1097;634.363;1164.05;2;assigned;2[1097 px]
C1_fibroV1535_40000x1A_mito;28;5017;5000;38;617.737;1194.211;2;assigned;2[38 px]
C1_fibroV1535_40000x1A_mito;29;5018;5000;19;624.684;1197.421;2;assigned;2[19 px]
C1_fibroV1535_40000x1A_mito;30;5019;5000;152;331.717;2037.428;1;assigned;1[152 px]
C1_fibroV1535_40000x1A_mito;31;8001;8000;429;1284.0;1058.133;5;assigned;5[429 px]
C1_fibroV1535_40000x1A_mito;32;11001;11000;410;1273.915;288.749;4;assigned;4[410 px]
C1_fibroV1535_50000x1A_mito;1;2001;2000;1063;1512.624;258.41;6;assigned;6[1063 px]
C1_fibroV1535_50000x1A_mito;2;2002;2000;1767;1238.411;974.709;5;assigned;5[1767 px]
C1_fibroV1535_50000x1A_mito;3;2003;2000;1217;1119.696;981.962;5;assigned;5[1217 px]
C1_fibroV1535_50000x1A_mito;4;2004;2000;659;1104.769;1012.442;5;assigned;5[659 px]
C1_fibroV1535_50000x1A_mito;5;2005;2000;2;1217.5;998.0;5;assigned;5[2 px]
C1_fibroV1535_50000x1A_mito;6;2006;2000;1816;352.659;1562.392;1;assigned;1[1816 px]
C1_fibroV1535_50000x1A_mito;7;2007;2000;1409;362.664;1667.559;1;assigned;1[1409 px]
C1_fibroV1535_50000x1A_mito;8;3001;3000;2300;631.915;657.203;3;assigned;3[2300 px]
C1_fibroV1535_50000x1A_mito;9;4001;4000;927;1476.334;178.784;6;assigned;6[927 px]
C1_fibroV1535_50000x1A_mito;10;4002;4000;1403;1495.299;295.16;6;assigned;6[1403 px]
C1_fibroV1535_50000x1A_mito;11;4003;4000;1595;1471.666;351.463;6;assigned;6[1595 px]
C1_fibroV1535_50000x1A_mito;12;4004;4000;1184;662.983;495.769;3;assigned;3[1184 px]
C1_fibroV1535_50000x1A_mito;13;4005;4000;2627;1248.711;869.896;5;assigned;5[2627 px]
C1_fibroV1535_50000x1A_mito;14;4006;4000;1930;667.453;936.741;3;assigned;3[1930 px]
C1_fibroV1535_50000x1A_mito;15;4007;4000;2419;1242.48;929.548;5;assigned;5[2419 px]
C1_fibroV1535_50000x1A_mito;16;4008;4000;1903;1096.306;1050.28;5;assigned;5[1903 px]
C1_fibroV1535_50000x1A_mito;17;4009;4000;1;1052.0;1047.0;5;assigned;5[1 px]
C1_fibroV1535_50000x1A_mito;18;4010;4000;2240;1065.258;1202.018;5;assigned;5[2240 px]
C1_fibroV1535_50000x1A_mito;19;4011;4000;10;1023.9;1197.7;5;assigned;5[10 px]
C1_fibroV1535_50000x1A_mito;20;4012;4000;1572;499.163;1344.174;2;assigned;2[1572 px]
C1_fibroV1535_50000x1A_mito;21;4013;4000;1728;349.106;1498.609;1;assigned;1[1728 px]
C1_fibroV1535_50000x1A_mito;22;4014;4000;1974;190.077;1789.355;1;assigned;1[1974 px]
C1_fibroV1535_50000x1A_mito;23;5001;5000;3389;640.534;721.993;3;assigned;3[3389 px]
C1_fibroV1535_50000x1A_mito;24;5002;5000;2837;651.832;847.723;3;assigned;3[2837 px]
C1_fibroV1535_50000x1A_mito;25;5003;5000;3771;1109.439;1110.735;5;assigned;5[3771 px]
C1_fibroV1535_50000x1A_mito;26;5004;5000;3301;1090.814;1142.416;5;assigned;5[3301 px]
C1_fibroV1535_50000x1A_mito;27;5005;5000;4;1048.25;1086.25;5;assigned;5[4 px]
C1_fibroV1535_50000x1A_mito;28;5006;5000;4069;310.12;1615.831;1;assigned;1[4069 px]
C1_fibroV1535_50000x1A_mito;29;5007;5000;3121;203.846;1876.819;1;assigned;1[3121 px]
C1_fibroV1535_50000x1A_mito;30;8001;8000;1828;703.039;364.516;3;assigned;3[1828 px]
C1_fibroV1535_50000x1A_mito;31;8002;8000;289;578.74;578.574;3;assigned;3[289 px]
C1_fibroV1535_50000x1A_mito;32;8003;8000;60;597.083;583.367;3;assigned;3[60 px]
C1_fibroV1535_50000x1A_mito;33;8004;8000;521;593.175;618.357;3;assigned;3[521 px]
C1_fibroV1535_50000x1A_mito;34;8005;8000;8;591.5;639.0;3;assigned;3[8 px]
C1_fibroV1535_50000x1A_mito;35;8006;8000;10;698.5;736.0;3;assigned;3[10 px]
C1_fibroV1535_50000x1A_mito;36;8007;8000;1060;686.38;757.5;3;assigned;3[1060 px]
C1_fibroV1535_50000x1A_mito;37;8008;8000;239;1237.305;1042.469;5;assigned;5[239 px]
C1_fibroV1535_50000x1A_mito;38;8009;8000;1139;1211.889;1061.828;5;assigned;5[1139 px]
C1_fibroV1535_50000x1A_mito;39;8010;8000;700;1175.271;1122.801;5;assigned;5[700 px]
C1_fibroV1535_50000x1A_mito;40;8011;8000;879;520.867;1242.298;2;assigned;2[879 px]
C1_fibroV1535_50000x1A_mito;41;8012;8000;983;513.184;1409.577;2;assigned;2[983 px]
C1_fibroV1535_50000x1A_mito;42;8013;8000;1350;608.419;1498.284;2;assigned;2[1350 px]
C1_fibroV1535_50000x1A_mito;43;8014;8000;1087;214.754;1653.923;1;assigned;1[1087 px]
C1_fibroV1535_50000x1A_mito;44;8015;8000;1018;183.605;1708.176;1;assigned;1[1018 px]
C1_fibroV1535_50000x1A_mito;45;8016;8000;2213;291.197;1881.088;1;assigned;1[2213 px]
C2_002_30000x_mito;1;2001;2000;515;513.219;693.524;1;assigned;1[515 px]
C2_002_30000x_mito;2;2002;2000;251;609.904;843.976;1;assigned;1[251 px]
C2_002_30000x_mito;3;4001;4000;416;305.368;371.284;1;assigned;1[416 px]
C2_002_30000x_mito;4;4002;4000;500;631.282;829.058;1;assigned;1[500 px]
C2_002_30000x_mito;5;4003;4000;449;684.007;924.579;1;assigned;1[449 px]
C2_002_30000x_mito;6;4004;4000;93;1543.108;1550.774;4;assigned;4[93 px]
C2_002_30000x_mito;7;4005;4000;41;1565.073;1562.024;4;assigned;4[41 px]
C2_002_30000x_mito;8;4006;4000;122;1528.484;1573.516;4;assigned;4[122 px]
C2_002_30000x_mito;9;5001;5000;44;291.773;355.932;1;assigned;1[44 px]
C2_002_30000x_mito;10;5002;5000;987;373.678;478.813;1;assigned;1[987 px]
C2_002_30000x_mito;11;5003;5000;1021;418.778;535.573;1;assigned;1[1021 px]
C2_002_30000x_mito;12;5004;5000;1086;472.712;604.56;1;assigned;1[1086 px]
C2_002_30000x_mito;13;5005;5000;641;505.457;654.463;1;assigned;1[641 px]
C2_002_30000x_mito;14;5006;5000;1078;586.659;783.225;1;assigned;1[1078 px]
C2_002_30000x_mito;15;5007;5000;622;656.277;883.232;1;assigned;1[622 px]
C2_002_30000x_mito;16;5008;5000;730;698.263;950.027;1;assigned;1[730 px]
C2_002_30000x_mito;17;5009;5000;1070;802.702;1110.806;1;assigned;1[1070 px]
C2_002_30000x_mito;18;5010;5000;777;844.786;1171.297;1;assigned;1[777 px]
C2_002_30000x_mito;19;5011;5000;812;867.484;1202.937;1;assigned;1[812 px]
C2_002_30000x_mito;20;5012;5000;739;930.313;1286.601;1;assigned;1[739 px]
C2_002_30000x_mito;21;5013;5000;572;953.079;1300.233;1;assigned;1[572 px]
C2_002_30000x_mito;22;5014;5000;86;946.512;1323.663;1;assigned;1[86 px]
C2_002_30000x_mito;23;8001;8000;293;911.027;1244.942;1;assigned;1[293 px]
C2_002_30000x_mito;24;8002;8000;194;908.768;1286.619;1;assigned;1[194 px]
C2_002_30000x_mito;25;10001;10000;24;1568.042;1557.958;4;assigned;4[24 px]
C2_006_20000x_mito;1;4001;4000;93;226.226;673.118;2;assigned;2[93 px]
C2_006_20000x_mito;2;4002;4000;50;33.8;740.28;1;assigned;1[50 px]
C2_006_20000x_mito;3;4003;4000;23;42.087;746.826;1;assigned;1[23 px]
C2_006_20000x_mito;4;4004;4000;214;13.78;758.36;1;assigned;1[214 px]
C2_006_20000x_mito;5;4005;4000;134;14.007;784.918;1;assigned;1[134 px]
C2_006_20000x_mito;6;4006;4000;237;1001.612;1173.511;3;assigned;3[237 px]
C2_006_20000x_mito;7;4007;4000;309;1111.858;1203.955;3;assigned;3[309 px]
C2_006_20000x_mito;8;5001;5000;102;248.892;666.441;2;assigned;2[102 px]
C2_006_20000x_mito;9;5002;5000;629;1144.062;1183.434;3;assigned;3[629 px]
C2_006_20000x_mito;10;5003;5000;209;1174.512;1183.952;3;assigned;3[209 px]
C2_006_20000x_mito;11;6001;6000;1091;1019.747;1149.94;3;assigned;3[1091 px]
C2_006_20000x_mito;12;8001;8000;273;1027.626;1129.187;3;assigned;3[273 px]
C2_006_20000x_mito;13;10001;10000;1533;1077.886;1177.541;3;assigned;3[1533 px]
C2_006_20000x_mito;14;10002;10000;376;1083.851;1155.638;3;assigned;3[376 px]
C2_011_30000x_mito;1;3001;3000;465;28.587;280.194;1;assigned;1[465 px]
C2_011_30000x_mito;2;3002;3000;1309;1582.053;898.85;3;assigned;3[1309 px]
C2_011_30000x_mito;3;4001;4000;423;793.158;732.355;2;assigned;2[423 px]
C2_011_30000x_mito;4;4002;4000;27;766.148;734.667;2;assigned;2[27 px]
C2_011_30000x_mito;5;4003;4000;188;1625.532;889.814;3;assigned;3[188 px]
C2_011_30000x_mito;6;4004;4000;33;1643.606;890.394;3;assigned;3[33 px]
C2_011_30000x_mito;7;5001;5000;120;15.933;323.85;1;assigned;1[120 px]
C2_011_30000x_mito;8;5002;5000;553;395.103;503.899;2;assigned;2[553 px]
C2_011_30000x_mito;9;5003;5000;1615;475.624;543.052;2;assigned;2[1615 px]
C2_011_30000x_mito;10;5004;5000;1485;500.712;556.511;2;assigned;2[1485 px]
C2_011_30000x_mito;11;5005;5000;1545;624.898;596.778;2;assigned;2[1545 px]
C2_011_30000x_mito;12;5006;5000;1583;659.551;608.334;2;assigned;2[1583 px]
C2_011_30000x_mito;13;5007;5000;1524;688.193;626.82;2;assigned;2[1524 px]
C2_011_30000x_mito;14;6001;6000;2680;564.728;585.498;2;assigned;2[2680 px]
C2_011_30000x_mito;15;6002;6000;2833;761.307;682.527;2;assigned;2[2833 px]
C2_011_30000x_mito;16;8001;8000;129;449.946;604.535;2;assigned;2[129 px]
C2_011_30000x_mito;17;8002;8000;321;850.237;708.15;2;assigned;2[321 px]
C2_011_30000x_mito;18;8003;8000;339;839.578;746.065;2;assigned;2[339 px]
C2_011_30000x_mito;19;8004;8000;74;1636.486;905.365;3;assigned;3[74 px]
C2_016_25000x_mito;1;2001;2000;272;1089.926;880.051;3;assigned;3[272 px]
C2_016_25000x_mito;2;3001;3000;1;1216.0;758.0;4;assigned;4[1 px]
C2_016_25000x_mito;3;3002;3000;1143;1203.652;801.216;4;assigned;4[1143 px]
C2_016_25000x_mito;4;3003;3000;783;955.963;857.57;3;assigned;3[783 px]
C2_016_25000x_mito;5;3004;3000;895;982.285;872.361;3;assigned;3[895 px]
C2_016_25000x_mito;6;4001;4000;337;1164.033;776.884;4;assigned;4[337 px]
C2_016_25000x_mito;7;4002;4000;250;1139.512;898.492;3;assigned;3[250 px]
C2_016_25000x_mito;8;4003;4000;400;1071.477;1002.232;3;assigned;3[400 px]
C2_016_25000x_mito;9;5001;5000;1176;778.768;748.162;2;assigned;2[1176 px]
C2_016_25000x_mito;10;5002;5000;864;1181.669;786.181;4;assigned;4[864 px]
C2_016_25000x_mito;11;5003;5000;1676;1252.064;814.416;4;assigned;4[1676 px]
C2_016_25000x_mito;12;5004;5000;1110;923.63;818.126;3;assigned;3[1110 px]
C2_016_25000x_mito;13;5005;5000;911;871.212;840.956;3;assigned;3[911 px]
C2_016_25000x_mito;14;5006;5000;826;835.234;843.829;3;assigned;3[826 px]
C2_016_25000x_mito;15;5007;5000;728;1120.857;903.709;3;assigned;3[728 px]
C2_016_25000x_mito;16;5008;5000;749;1679.465;921.995;5;assigned;5[749 px]
C2_016_25000x_mito;17;5009;5000;27;117.037;972.222;1;assigned;1[27 px]
C2_016_25000x_mito;18;5010;5000;1;1070.0;1012.0;3;assigned;3[1 px]
C2_016_25000x_mito;19;5011;5000;440;1059.395;1019.693;3;assigned;3[440 px]
C2_016_25000x_mito;20;5012;5000;494;1888.901;1033.585;6;assigned;6[494 px]
C2_016_25000x_mito;21;5013;5000;369;1827.965;1046.057;6;assigned;6[369 px]
C2_016_25000x_mito;22;8001;8000;144;938.819;800.521;3;assigned;3[144 px]
C2_016_25000x_mito;23;10001;10000;3632;1054.328;935.251;3;assigned;3[3632 px]
C2_016_25000x_mito;24;10002;10000;472;1938.1;1033.508;6;assigned;6[472 px]
C2_016_25000x_mito;25;10003;10000;356;1996.93;1060.722;6;assigned;6[356 px]
C2_016_25000x_mito;26;10004;10000;182;2018.698;1068.632;6;assigned;6[182 px]
C2_016_25000x_mito;27;10005;10000;4314;1930.482;1123.409;6;assigned;6[4314 px]
C2_016_25000x_mito;28;11001;11000;23;1659.696;908.087;5;assigned;5[23 px]
C2_024_30000x_mito;1;2001;2000;1138;218.037;144.837;2;assigned;2[1138 px]
C2_024_30000x_mito;2;2002;2000;2;181.5;176.0;2;assigned;2[2 px]
C2_024_30000x_mito;3;2003;2000;375;291.632;281.965;2;assigned;2[375 px]
C2_024_30000x_mito;4;2004;2000;738;375.394;353.944;2;assigned;2[738 px]
C2_024_30000x_mito;5;2005;2000;276;535.17;416.833;2;assigned;2[276 px]
C2_024_30000x_mito;6;3001;3000;1221;552.64;544.95;2;assigned;2[1221 px]
C2_024_30000x_mito;7;3002;3000;4;505.0;592.25;2;assigned;2[4 px]
C2_024_30000x_mito;8;3003;3000;1296;972.009;1110.592;5;assigned;5[1296 px]
C2_024_30000x_mito;9;3004;3000;1453;1016.327;1186.905;5;assigned;5[1453 px]
C2_024_30000x_mito;10;3005;3000;659;1179.035;1427.524;5;assigned;5[659 px]
C2_024_30000x_mito;11;4001;4000;361;309.756;120.82;2;assigned;2[361 px]
C2_024_30000x_mito;12;4002;4000;743;322.376;156.222;2;assigned;2[743 px]
C2_024_30000x_mito;13;4003;4000;423;628.92;554.168;2;assigned;2[423 px]
C2_024_30000x_mito;14;4004;4000;87;478.494;553.931;2;assigned;2[87 px]
C2_024_30000x_mito;15;4005;4000;295;494.115;564.698;2;assigned;2[295 px]
C2_024_30000x_mito;16;4006;4000;3;487.0;554.0;2;assigned;2[3 px]
C2_024_30000x_mito;17;4007;4000;576;620.181;637.786;2;assigned;2[576 px]
C2_024_30000x_mito;18;4008;4000;307;648.603;632.42;2;assigned;2[307 px]
C2_024_30000x_mito;19;4009;4000;282;587.777;641.319;2;assigned;2[282 px]
C2_024_30000x_mito;20;4010;4000;531;1248.808;1561.104;5;assigned;5[531 px]
C2_024_30000x_mito;21;4011;4000;356;1285.25;1603.065;5;assigned;5[356 px]
C2_024_30000x_mito;22;4012;4000;1;1269.0;1637.0;5;assigned;5[1 px]
C2_024_30000x_mito;23;5001;5000;1314;160.698;43.814;2;assigned;2[1314 px]
C2_024_30000x_mito;24;5002;5000;1297;183.021;81.323;2;assigned;2[1297 px]
C2_024_30000x_mito;25;5003;5000;475;176.726;154.552;2;assigned;2[475 px]
C2_024_30000x_mito;26;5004;5000;1721;314.976;226.508;2;assigned;2[1721 px]
C2_024_30000x_mito;27;5005;5000;1618;353.671;283.828;2;assigned;2[1618 px]
C2_024_30000x_mito;28;5006;5000;636;196.695;344.491;1;assigned;1[636 px]
C2_024_30000x_mito;29;5007;5000;1062;236.936;412.386;1;assigned;1[1062 px]
C2_024_30000x_mito;30;5008;5000;1357;247.687;443.839;1;assigned;1[1357 px]
C2_024_30000x_mito;31;5009;5000;1444;536.378;524.362;2;assigned;2[1444 px]
C2_024_30000x_mito;32;5010;5000;1181;246.353;529.034;1;assigned;1[1181 px]
C2_024_30000x_mito;33;5011;5000;1444;568.148;569.672;2;assigned;2[1444 px]
C2_024_30000x_mito;34;5012;5000;1146;328.664;597.139;1;assigned;1[1146 px]
C2_024_30000x_mito;35;5013;5000;1;346.0;643.0;1;assigned;1[1 px]
C2_024_30000x_mito;36;5014;5000;700;315.929;666.076;1;assigned;1[700 px]
C2_024_30000x_mito;37;5015;5000;901;900.229;980.39;5;assigned;5[901 px]
C2_024_30000x_mito;38;5016;5000;1191;930.092;1029.009;5;assigned;5[1191 px]
C2_024_30000x_mito;39;5017;5000;1423;943.101;1050.445;5;assigned;5[1423 px]
C2_024_30000x_mito;40;5018;5000;1443;960.198;1082.034;5;assigned;5[1443 px]
C2_024_30000x_mito;41;5019;5000;1384;1001.908;1154.461;5;assigned;5[1384 px]
C2_024_30000x_mito;42;5020;5000;1284;1074.06;1281.292;5;assigned;5[1284 px]
C2_024_30000x_mito;43;5021;5000;122;1145.639;1303.008;5;assigned;5[122 px]
C2_024_30000x_mito;44;5022;5000;1855;1111.472;1342.584;5;assigned;5[1855 px]
C2_024_30000x_mito;45;5023;5000;1038;1090.245;1371.816;5;assigned;5[1038 px]
C2_024_30000x_mito;46;5024;5000;792;1154.357;1399.902;5;assigned;5[792 px]
C2_024_30000x_mito;47;6001;6000;2171;429.295;350.931;2;assigned;2[2171 px]
C2_024_30000x_mito;48;6002;6000;9;500.778;357.889;2;assigned;2[9 px]
C2_024_30000x_mito;49;6003;6000;2447;433.657;407.654;2;assigned;2[2447 px]
C2_024_30000x_mito;50;6004;6000;2583;489.33;491.779;2;assigned;2[2583 px]
C2_024_30000x_mito;51;6005;6000;2067;1057.093;1238.288;5;assigned;5[2067 px]
C2_024_30000x_mito;52;6006;6000;4;1018.5;1303.0;5;assigned;5[4 px]
C2_024_30000x_mito;53;8001;8000;269;114.721;17.372;2;assigned;2[269 px]
C2_024_30000x_mito;54;8002;8000;241;247.776;68.365;2;assigned;2[241 px]
C2_024_30000x_mito;55;8003;8000;258;263.57;78.725;2;assigned;2[258 px]
C2_024_30000x_mito;56;8004;8000;277;351.848;161.245;2;assigned;2[277 px]
C2_024_30000x_mito;57;8005;8000;144;438.528;286.667;2;assigned;2[144 px]
C2_024_30000x_mito;58;8006;8000;151;463.272;334.02;2;assigned;2[151 px]
C2_024_30000x_mito;59;8007;8000;225;520.751;391.338;2;assigned;2[225 px]
C2_024_30000x_mito;60;8008;8000;429;413.956;458.781;2;assigned;2[429 px]
C2_024_30000x_mito;61;8009;8000;259;258.861;582.197;1;assigned;1[259 px]
C2_024_30000x_mito;62;8010;8000;139;651.309;608.525;2;assigned;2[139 px]
C2_024_30000x_mito;63;8011;8000;3;640.0;618.0;2;assigned;2[3 px]
C2_024_30000x_mito;64;8012;8000;203;1010.163;1060.034;5;assigned;5[203 px]
C2_024_30000x_mito;65;8013;8000;186;942.215;1167.661;5;assigned;5[186 px]
C2_024_30000x_mito;66;8014;8000;200;979.09;1240.395;5;assigned;5[200 px]
C2_024_30000x_mito;67;8015;8000;160;993.725;1263.162;5;assigned;5[160 px]
C2_024_30000x_mito;68;11001;11000;134;1211.112;1532.03;5;assigned;5[134 px]
C2_030_30000x_mito;1;2001;2000;463;1470.883;657.253;3;assigned;3[463 px]
C2_030_30000x_mito;2;3001;3000;640;497.955;343.072;1;assigned;1[640 px]
C2_030_30000x_mito;3;3002;3000;760;533.108;351.646;1;assigned;1[760 px]
C2_030_30000x_mito;4;3003;3000;626;1406.422;609.984;3;assigned;3[626 px]
C2_030_30000x_mito;5;3004;3000;725;1442.55;625.335;3;assigned;3[725 px]
C2_030_30000x_mito;6;4001;4000;4;313.5;297.5;1;assigned;1[4 px]
C2_030_30000x_mito;7;4002;4000;419;311.148;322.716;1;assigned;1[419 px]
C2_030_30000x_mito;8;5001;5000;1169;148.125;262.871;1;assigned;1[1169 px]
C2_030_30000x_mito;9;5002;5000;1365;193.18;279.937;1;assigned;1[1365 px]
C2_030_30000x_mito;10;5003;5000;1149;235.612;295.24;1;assigned;1[1149 px]
C2_030_30000x_mito;11;5004;5000;544;617.605;379.631;1;assigned;1[544 px]
C2_030_30000x_mito;12;5005;5000;538;645.199;394.732;1;assigned;1[538 px]
C2_030_30000x_mito;13;5006;5000;623;1213.705;612.12;2;assigned;2[623 px]
C2_030_30000x_mito;14;5007;5000;919;1499.713;657.859;3;assigned;3[919 px]
C2_030_30000x_mito;15;5008;5000;1485;1530.129;669.114;3;assigned;3[1485 px]
C2_030_30000x_mito;16;7001;7000;340;1360.844;609.871;3;assigned;3[340 px]
C2_030_30000x_mito;17;8001;8000;404;424.082;318.173;1;assigned;1[404 px]
C2_030_30000x_mito;18;8002;8000;277;333.231;320.996;1;assigned;1[277 px]
C2_030_30000x_mito;19;8003;8000;169;588.024;341.722;1;assigned;1[169 px]
C2_030_30000x_mito;20;8004;8000;209;440.043;353.933;1;assigned;1[209 px]
C2_030_30000x_mito;21;9001;9000;875;392.398;325.373;1;assigned;1[875 px]
C2_030_30000x_mito;22;9002;9000;79;367.899;326.911;1;assigned;1[79 px]
C2_030_30000x_mito;23;11001;11000;155;1586.587;660.439;3;assigned;3[155 px]
C2_039_25000x_mito;1;2001;2000;280;1023.671;702.55;13;assigned;13[280 px]
C2_039_25000x_mito;2;2002;2000;443;1054.984;1274.106;12;assigned;12[443 px]
C2_039_25000x_mito;3;2003;2000;461;1064.323;1286.132;12;assigned;12[461 px]
C2_039_25000x_mito;4;2004;2000;1;1056.0;1280.0;12;assigned;12[1 px]
C2_039_25000x_mito;5;2005;2000;221;788.575;1352.661;8;assigned;8[221 px]
C2_039_25000x_mito;6;2006;2000;476;1543.153;1567.536;15;assigned;15[476 px]
C2_039_25000x_mito;7;2007;2000;253;1503.221;1643.395;14;assigned;14[253 px]
C2_039_25000x_mito;8;2008;2000;361;1460.723;1671.208;14;assigned;14[361 px]
C2_039_25000x_mito;9;3001;3000;1348;1012.377;595.963;13;assigned;13[1348 px]
C2_039_25000x_mito;10;3002;3000;1;1060.0;592.0;13;assigned;13[1 px]
C2_039_25000x_mito;11;3003;3000;1070;1022.371;623.254;13;assigned;13[1070 px]
C2_039_25000x_mito;12;3004;3000;1131;559.536;629.796;7;assigned;7[1131 px]
C2_039_25000x_mito;13;3005;3000;998;575.049;664.211;7;assigned;7[998 px]
C2_039_25000x_mito;14;3006;3000;1282;1064.477;678.023;13;assigned;13[1282 px]
C2_039_25000x_mito;15;3007;3000;753;231.274;1033.49;3;assigned;3[753 px]
C2_039_25000x_mito;16;3008;3000;597;996.913;1211.62;12;assigned;12[597 px]
C2_039_25000x_mito;17;3009;3000;939;1094.514;1280.162;12;assigned;12[939 px]
C2_039_25000x_mito;18;3010;3000;534;523.178;1278.234;6;assigned;6[534 px]
C2_039_25000x_mito;19;3011;3000;826;1189.831;1303.734;12;assigned;12[826 px]
C2_039_25000x_mito;20;3012;3000;11;1221.727;1313.909;12;assigned;12[11 px]
C2_039_25000x_mito;21;3013;3000;15;1215.0;1317.467;12;assigned;12[15 px]
C2_039_25000x_mito;22;3014;3000;118;609.924;1453.254;5;assigned;5[118 px]
C2_039_25000x_mito;23;3015;3000;743;624.88;1487.075;5;assigned;5[743 px]
C2_039_25000x_mito;24;3016;3000;24;632.625;1461.875;5;assigned;5[24 px]
C2_039_25000x_mito;25;3017;3000;981;1496.146;1555.154;15;assigned;15[981 px]
C2_039_25000x_mito;26;3018;3000;926;1571.255;1549.529;15;assigned;15[926 px]
C2_039_25000x_mito;27;3019;3000;498;1483.203;1665.815;14;assigned;14[498 px]
C2_039_25000x_mito;28;4001;4000;284;990.616;550.155;13;assigned;13[284 px]
C2_039_25000x_mito;29;4002;4000;322;771.043;591.758;7;assigned;7[322 px]
C2_039_25000x_mito;30;4003;4000;597;836.787;614.065;7;assigned;7[597 px]
C2_039_25000x_mito;31;4004;4000;20;1067.8;602.6;13;assigned;13[20 px]
C2_039_25000x_mito;32;4005;4000;332;1066.753;621.151;13;assigned;13[332 px]
C2_039_25000x_mito;33;4006;4000;510;264.982;626.037;2;assigned;2[510 px]
C2_039_25000x_mito;34;4007;4000;249;1083.635;634.108;13;assigned;13[249 px]
C2_039_25000x_mito;35;4008;4000;213;839.507;726.07;10;assigned;10[213 px]
C2_039_25000x_mito;36;4009;4000;601;1062.125;738.173;13;assigned;13[601 px]
C2_039_25000x_mito;37;4010;4000;82;137.902;832.927;1;assigned;1[82 px]
C2_039_25000x_mito;38;4011;4000;475;854.697;1204.695;9;assigned;9[475 px]
C2_039_25000x_mito;39;4012;4000;385;1027.179;1259.068;12;assigned;12[385 px]
C2_039_25000x_mito;40;4013;4000;508;1122.465;1301.953;12;assigned;12[508 px]
C2_039_25000x_mito;41;4014;4000;200;761.5;1360.65;8;assigned;8[200 px]
C2_039_25000x_mito;42;4015;4000;346;1664.572;1509.977;15;assigned;15[346 px]
C2_039_25000x_mito;43;4016;4000;418;573.687;1542.409;5;assigned;5[418 px]
C2_039_25000x_mito;44;4017;4000;388;1432.188;1670.371;14;assigned;14[388 px]
C2_039_25000x_mito;45;5001;5000;733;512.55;387.911;4;assigned;4[733 px]
C2_039_25000x_mito;46;5002;5000;1035;464.786;532.958;4;assigned;4[1035 px]
C2_039_25000x_mito;47;5003;5000;891;442.11;570.04;4;assigned;4[891 px]
C2_039_25000x_mito;48;5004;5000;838;522.292;595.976;7;assigned;7[838 px]
C2_039_25000x_mito;49;5005;5000;912;807.258;616.114;7;assigned;7[912 px]
C2_039_25000x_mito;50;5006;5000;607;877.418;606.689;7;assigned;7[607 px]
C2_039_25000x_mito;51;5007;5000;910;236.091;646.344;2;assigned;2[910 px]
C2_039_25000x_mito;52;5008;5000;1643;591.92;701.963;7;assigned;7[1643 px]
C2_039_25000x_mito;53;5009;5000;517;865.054;709.337;10;assigned;10[517 px]
C2_039_25000x_mito;54;5010;5000;1076;1101.18;737.093;13;assigned;13[1076 px]
C2_039_25000x_mito;55;5011;5000;1046;1131.202;764.609;13;assigned;13[1046 px]
C2_039_25000x_mito;56;5012;5000;2;598.0;746.5;7;assigned;7[2 px]
C2_039_25000x_mito;57;5013;5000;1459;1156.175;783.119;13;assigned;13[1459 px]
C2_039_25000x_mito;58;5014;5000;10;825.4;755.9;10;assigned;10[10 px]
C2_039_25000x_mito;59;5015;5000;1638;1179.164;808.534;13;assigned;13[1638 px]
C2_039_25000x_mito;60;5016;5000;339;847.027;779.56;10;assigned;10[339 px]
C2_039_25000x_mito;61;5017;5000;776;1209.272;820.369;13;assigned;13[776 px]
C2_039_25000x_mito;62;5018;5000;1;1112.0;800.0;13;assigned;13[1 px]
C2_039_25000x_mito;63;5019;5000;756;112.452;881.091;1;assigned;1[756 px]
C2_039_25000x_mito;64;5020;5000;1236;281.43;1076.549;3;assigned;3[1236 px]
C2_039_25000x_mito;65;5021;5000;840;247.025;1063.655;3;assigned;3[840 px]
C2_039_25000x_mito;66;5022;5000;819;312.806;1074.672;3;assigned;3[819 px]
C2_039_25000x_mito;67;5023;5000;218;931.711;1100.055;12;assigned;12[218 px]
C2_039_25000x_mito;68;5024;5000;518;912.041;1141.726;12;assigned;12[518 px]
C2_039_25000x_mito;69;5025;5000;898;982.11;1189.891;12;assigned;12[898 px]
C2_039_25000x_mito;70;5026;5000;1516;629.721;1305.034;6;assigned;6[1516 px]
C2_039_25000x_mito;71;5027;5000;758;555.499;1292.07;6;assigned;6[758 px]
C2_039_25000x_mito;72;5028;5000;1066;588.341;1509.55;5;assigned;5[1066 px]
C2_039_25000x_mito;73;5029;5000;643;541.216;1525.418;5;assigned;5[643 px]
C2_039_25000x_mito;74;5030;5000;1271;1625.747;1549.854;15;assigned;15[1271 px]
C2_039_25000x_mito;75;5031;5000;40;577.75;1524.8;5;assigned;5[40 px]
C2_039_25000x_mito;76;5032;5000;1037;1452.695;1565.306;15;assigned;15[1037 px]
C2_039_25000x_mito;77;5033;5000;1010;1421.086;1566.324;15;assigned;15[1010 px]
C2_039_25000x_mito;78;5034;5000;1193;1387.111;1571.759;15;assigned;15[1193 px]
C2_039_25000x_mito;79;5035;5000;1127;1351.089;1578.331;15;assigned;15[1127 px]
C2_039_25000x_mito;80;5036;5000;2;584.0;1545.5;5;assigned;5[2 px]
C2_039_25000x_mito;81;5037;5000;3;1408.0;1609.0;15;assigned;15[3 px]
C2_039_25000x_mito;82;6001;6000;1573;1025.472;526.482;13;assigned;13[1573 px]
C2_039_25000x_mito;83;6002;6000;1462;174.664;739.48;2;assigned;2[1462 px]
C2_039_25000x_mito;84;6003;6000;1644;970.654;1151.126;12;assigned;12[1644 px]
C2_039_25000x_mito;85;7001;7000;152;460.026;488.967;4;assigned;4[152 px]
C2_039_25000x_mito;86;7002;7000;183;1073.383;507.29;13;assigned;13[183 px]
C2_039_25000x_mito;87;8001;8000;139;535.36;414.281;4;assigned;4[139 px]
C2_039_25000x_mito;88;8002;8000;192;1065.854;760.286;13;assigned;13[192 px]
C2_039_25000x_mito;89;8003;8000;23;251.174;1164.0;3;assigned;3[23 px]
C2_039_25000x_mito;90;8004;8000;324;681.731;1350.213;8;assigned;8[324 px]
C2_039_25000x_mito;91;8005;8000;361;1639.194;1518.158;15;assigned;15[361 px]
C2_039_25000x_mito;92;8006;8000;308;1613.461;1522.685;15;assigned;15[308 px]
C2_039_25000x_mito;93;11001;11000;104;1094.875;649.942;13;assigned;13[104 px]
C2_039_25000x_mito;94;11002;11000;2;1136.5;712.0;13;assigned;13[2 px]
C2_039_25000x_mito;95;11003;11000;170;1140.9;723.894;13;assigned;13[170 px]
C2_039_25000x_mito;96;11004;11000;209;92.325;850.593;1;assigned;1[209 px]
P1_F_HD_fibro_001_500x_mito;1;4001;4000;197;634.589;1424.0;4;assigned;4[197 px]
P1_F_HD_fibro_001_500x_mito;2;4002;4000;1344;637.23;1464.053;4;assigned;4[1344 px]
P1_F_HD_fibro_001_500x_mito;3;4003;4000;838;659.036;1500.445;4;assigned;4[838 px]
P1_F_HD_fibro_001_500x_mito;4;4004;4000;404;685.309;1529.807;4;assigned;4[404 px]
P1_F_HD_fibro_001_500x_mito;5;4005;4000;60;562.783;1584.717;4;assigned;4[60 px]
P1_F_HD_fibro_001_500x_mito;6;4006;4000;996;614.788;1601.337;4;assigned;4[996 px]
P1_F_HD_fibro_001_500x_mito;7;4007;4000;1045;610.053;2150.58;5;assigned;5[1045 px]
P1_F_HD_fibro_001_500x_mito;8;4008;4000;1095;647.53;2154.07;5;assigned;5[1095 px]
P1_F_HD_fibro_001_500x_mito;9;4009;4000;517;796.669;2145.373;5;assigned;5[517 px]
P1_F_HD_fibro_001_500x_mito;10;4010;4000;1585;622.767;2232.287;5;assigned;5[1585 px]
P1_F_HD_fibro_001_500x_mito;11;4011;4000;9;636.556;2178.0;5;assigned;5[9 px]
P1_F_HD_fibro_001_500x_mito;12;5001;5000;1961;607.604;1553.873;4;assigned;4[1961 px]
P1_F_HD_fibro_001_500x_mito;13;5002;5000;1399;511.307;2127.911;5;assigned;5[1399 px]
P1_F_HD_fibro_001_500x_mito;14;5003;5000;1160;731.418;2145.85;5;assigned;5[1160 px]
P1_F_HD_fibro_001_500x_mito;15;5004;5000;808;681.14;2144.972;5;assigned;5[808 px]
P1_F_HD_fibro_001_500x_mito;16;5005;5000;1;704.0;2152.0;5;assigned;5[1 px]
P1_F_HD_fibro_001_500x_mito;17;5006;5000;99;551.111;2244.384;5;assigned;5[99 px]
P1_F_HD_fibro_001_500x_mito;18;6001;6000;1800;755.763;2310.763;5;assigned;5[1800 px]
P1_F_HD_fibro_001_500x_mito;19;6002;6000;104;818.952;2327.173;5;assigned;5[104 px]
P1_F_HD_fibro_001_500x_mito;20;8001;8000;260;571.508;1491.131;4;assigned;4[260 px]
P1_F_HD_fibro_002_200x_mito;1;5001;5000;1917;1096.363;1360.529;5;assigned;5[1917 px]
P1_F_HD_fibro_002_200x_mito;2;5002;5000;8;1057.875;1377.5;5;assigned;5[8 px]
P1_F_HD_fibro_002_200x_mito;3;5003;5000;4553;1200.414;1656.812;6;assigned;6[4553 px]
P1_F_HD_fibro_002_200x_mito;4;5004;5000;3377;1265.336;1664.971;6;assigned;6[3377 px]
P1_F_HD_fibro_002_200x_mito;5;6001;6000;8278;878.953;1600.229;3;assigned;3[8278 px]
P1_F_HD_fibro_002_200x_mito;6;8001;8000;996;1122.768;1284.491;5;assigned;5[996 px]
P1_F_HD_fibro_002_200x_mito;7;8002;8000;1112;330.758;1288.832;1;assigned;1[1112 px]
P1_F_HD_fibro_002_200x_mito;8;8003;8000;1300;1061.778;1296.679;5;assigned;5[1300 px]
P1_F_HD_fibro_004_200x_mito;1;4001;4000;3280;1174.099;1523.22;4;assigned;4[3280 px]
P1_F_HD_fibro_004_200x_mito;2;4002;4000;2574;948.452;1606.01;4;assigned;4[2574 px]
P1_F_HD_fibro_004_200x_mito;3;5001;5000;306;736.755;1512.565;1;assigned;1[306 px]
P1_F_HD_fibro_004_200x_mito;4;5002;5000;37;707.865;1525.351;1;assigned;1[37 px]
P1_F_HD_fibro_004_200x_mito;5;5003;5000;584;579.61;1543.543;1;assigned;1[584 px]
P1_F_HD_fibro_004_200x_mito;6;5004;5000;28;691.75;1533.071;1;assigned;1[28 px]
P1_F_HD_fibro_004_200x_mito;7;5005;5000;56;755.304;1556.643;1;assigned;1[56 px]
P1_F_HD_fibro_004_200x_mito;8;5006;5000;1;750.0;1565.0;1;assigned;1[1 px]
P1_F_HD_fibro_004_200x_mito;9;5007;5000;23;604.0;1573.435;1;assigned;1[23 px]
P1_F_HD_fibro_004_200x_mito;10;5008;5000;52;632.077;1615.769;1;assigned;1[52 px]
P1_F_HD_fibro_004_200x_mito;11;5009;5000;202;334.233;1659.886;1;assigned;1[202 px]
P1_F_HD_fibro_004_200x_mito;12;5010;5000;3517;788.994;1724.071;3;assigned;3[3517 px]
P1_F_HD_fibro_004_200x_mito;13;5011;5000;3633;582.918;1862.839;3;assigned;3[3633 px]
P1_F_HD_fibro_004_200x_mito;14;5012;5000;1;542.0;1775.0;3;assigned;3[1 px]
P1_F_HD_fibro_004_200x_mito;15;5013;5000;2562;542.0;1839.429;3;assigned;3[2562 px]
P1_F_HD_fibro_004_200x_mito;16;5014;5000;21;546.19;1777.571;3;assigned;3[21 px]
P1_F_HD_fibro_004_200x_mito;17;5015;5000;2219;831.575;1856.603;3;assigned;3[2219 px]
P1_F_HD_fibro_004_200x_mito;18;6001;6000;66;497.242;1587.667;1;assigned;1[66 px]
P1_F_HD_fibro_004_200x_mito;19;6002;6000;13;564.923;1700.462;1;assigned;1[13 px]
P1_F_HD_fibro_004_200x_mito;20;6003;6000;1062;639.043;2100.294;2;assigned;2[1062 px]
P1_F_HD_fibro_004_200x_mito;21;8001;8000;839;1114.946;1458.816;4;assigned;4[839 px]
P1_F_HD_fibro_004_200x_mito;22;8002;8000;1040;628.347;1521.027;1;assigned;1[1040 px]
P1_F_HD_fibro_004_200x_mito;23;8003;8000;2029;1006.552;1640.196;4;assigned;4[2029 px]
P1_F_HD_fibro_004_200x_mito;24;8004;8000;1786;879.383;1795.917;3;assigned;3[1786 px]
P1_F_HD_fibro_004_200x_mito;25;8005;8000;1504;657.354;1952.445;3;assigned;3[1504 px]
P1_F_HD_fibro_005_200x_mito;1;4001;4000;2713;986.367;1325.655;1;assigned;1[2713 px]
P1_F_HD_fibro_005_200x_mito;2;4002;4000;570;896.858;1420.995;1;assigned;1[570 px]
P1_F_HD_fibro_005_200x_mito;3;4003;4000;1886;899.757;1543.416;1;assigned;1[1886 px]
P1_F_HD_fibro_005_200x_mito;4;5001;5000;2235;956.94;914.298;1;assigned;1[2235 px]
P1_F_HD_fibro_005_200x_mito;5;8001;8000;290;1152.276;928.859;1;assigned;1[290 px]
P1_F_HD_fibro_005_200x_mito;6;8002;8000;162;919.025;1032.519;1;assigned;1[162 px]
P1_F_HD_fibro_005_200x_mito;7;8003;8000;340;1175.574;1093.071;1;assigned;1[340 px]
P1_F_HD_fibro_005_200x_mito;8;8004;8000;1749;920.537;1737.295;1;assigned;1[1749 px]
P1_F_HD_fibro_006_200x_mito;1;2001;2000;1697;436.044;391.653;3;assigned;3[1697 px]
P1_F_HD_fibro_006_200x_mito;2;4001;4000;1853;458.953;470.72;3;assigned;3[1853 px]
P1_F_HD_fibro_006_200x_mito;3;4002;4000;24;642.5;656.667;3;assigned;3[24 px]
P1_F_HD_fibro_006_200x_mito;4;4003;4000;463;641.888;676.728;3;assigned;3[463 px]
P1_F_HD_fibro_006_200x_mito;5;4004;4000;14;661.071;677.143;3;assigned;3[14 px]
P1_F_HD_fibro_006_200x_mito;6;4005;4000;3223;574.93;853.684;3;assigned;3[3223 px]
P1_F_HD_fibro_006_200x_mito;7;4006;4000;571;219.592;1284.855;2;assigned;2[571 px]
P1_F_HD_fibro_006_200x_mito;8;4007;4000;2570;238.78;1434.75;2;assigned;2[2570 px]
P1_F_HD_fibro_006_200x_mito;9;4008;4000;1939;322.749;1486.683;2;assigned;2[1939 px]
P1_F_HD_fibro_006_200x_mito;10;4009;4000;1292;731.885;1648.684;3;assigned;3[1292 px]
P1_F_HD_fibro_006_200x_mito;11;4010;4000;1250;619.087;1679.637;3;assigned;3[1250 px]
P1_F_HD_fibro_006_200x_mito;12;4011;4000;3151;696.283;1746.321;3;assigned;3[3151 px]
P1_F_HD_fibro_006_200x_mito;13;5001;5000;2924;599.199;654.247;3;assigned;3[2924 px]
P1_F_HD_fibro_006_200x_mito;14;5002;5000;1941;262.201;948.21;1;assigned;1[1941 px]
P1_F_HD_fibro_006_200x_mito;15;5003;5000;4164;622.936;958.1;3;assigned;3[4164 px]
P1_F_HD_fibro_006_200x_mito;16;5004;5000;6070;646.795;1035.563;3;assigned;3[6070 px]
P1_F_HD_fibro_006_200x_mito;17;5005;5000;345;213.739;1053.041;1;assigned;1[345 px]
P1_F_HD_fibro_006_200x_mito;18;5006;5000;531;297.552;1075.156;1;assigned;1[531 px]
P1_F_HD_fibro_006_200x_mito;19;5007;5000;195;238.144;1084.364;1;assigned;1[195 px]
P1_F_HD_fibro_006_200x_mito;20;5008;5000;66;248.121;1092.106;1;assigned;1[66 px]
P1_F_HD_fibro_006_200x_mito;21;5009;5000;3141;662.47;1145.209;3;assigned;3[3141 px]
P1_F_HD_fibro_006_200x_mito;22;5010;5000;1389;619.765;1213.767;3;assigned;3[1389 px]
P1_F_HD_fibro_006_200x_mito;23;5011;5000;749;713.312;1235.367;3;assigned;3[749 px]
P1_F_HD_fibro_006_200x_mito;24;5012;5000;2509;661.188;1359.044;3;assigned;3[2509 px]
P1_F_HD_fibro_006_200x_mito;25;5013;5000;4344;663.828;1434.706;3;assigned;3[4344 px]
P1_F_HD_fibro_006_200x_mito;26;5014;5000;4506;659.099;1478.945;3;assigned;3[4506 px]
P1_F_HD_fibro_006_200x_mito;27;5015;5000;8;660.5;1460.0;3;assigned;3[8 px]
P1_F_HD_fibro_006_200x_mito;28;5016;5000;3603;282.085;1525.958;2;assigned;2[3603 px]
P1_F_HD_fibro_006_200x_mito;29;5017;5000;4190;655.071;1559.969;3;assigned;3[4190 px]
P1_F_HD_fibro_006_200x_mito;30;5018;5000;2887;310.753;1596.572;2;assigned;2[2887 px]
P1_F_HD_fibro_006_200x_mito;31;8001;8000;1818;655.477;451.273;3;assigned;3[1818 px]
P1_F_HD_fibro_006_200x_mito;32;8002;8000;618;656.748;708.963;3;assigned;3[618 px]
P1_F_HD_fibro_006_200x_mito;33;8003;8000;1389;719.334;1173.274;3;assigned;3[1389 px]
P1_F_HD_fibro_006_200x_mito;34;8004;8000;993;724.347;1528.246;3;assigned;3[993 px]
P1_F_HD_fibro_006_200x_mito;35;8005;8000;1182;597.261;1611.882;3;assigned;3[1182 px]
P1_F_HD_fibro_006_200x_mito;36;8006;8000;859;753.033;1702.813;3;assigned;3[859 px]
P1_F_HD_fibro_006_200x_mito;37;11001;11000;706;366.164;1691.53;2;assigned;2[706 px]
P1_F_HD_fibro_007_200x_mito;1;4001;4000;1077;25.67;675.543;1;assigned;1[1077 px]
P1_F_HD_fibro_007_200x_mito;2;4002;4000;2515;485.239;912.401;6;assigned;6[2515 px]
P1_F_HD_fibro_007_200x_mito;3;4003;4000;161;1293.36;990.807;10;assigned;10[161 px]
P1_F_HD_fibro_007_200x_mito;4;4004;4000;42;1303.524;1012.024;10;assigned;10[42 px]
P1_F_HD_fibro_007_200x_mito;5;4005;4000;149;1329.436;1053.49;10;assigned;10[149 px]
P1_F_HD_fibro_007_200x_mito;6;4006;4000;1940;1403.927;1116.459;10;assigned;10[1940 px]
P1_F_HD_fibro_007_200x_mito;7;4007;4000;769;1463.464;1164.892;10;assigned;10[769 px]
P1_F_HD_fibro_007_200x_mito;8;4008;4000;64;1479.5;1167.5;10;assigned;10[64 px]
P1_F_HD_fibro_007_200x_mito;9;4009;4000;32;1467.5;1171.5;10;assigned;10[32 px]
P1_F_HD_fibro_007_200x_mito;10;4010;4000;82;1480.305;1187.244;10;assigned;10[82 px]
P1_F_HD_fibro_007_200x_mito;11;4011;4000;112;1481.473;1198.429;10;assigned;10[112 px]
P1_F_HD_fibro_007_200x_mito;12;4012;4000;6475;1349.594;1282.732;10;assigned;10[6475 px]
P1_F_HD_fibro_007_200x_mito;13;4013;4000;28;1403.286;1350.536;10;assigned;10[28 px]
P1_F_HD_fibro_007_200x_mito;14;4014;4000;1065;275.971;1707.977;4;assigned;4[1065 px]
P1_F_HD_fibro_007_200x_mito;15;4015;4000;529;931.974;1749.87;8;assigned;8[529 px]
P1_F_HD_fibro_007_200x_mito;16;4016;4000;1788;1482.012;2225.746;11;assigned;11[1788 px]
P1_F_HD_fibro_007_200x_mito;17;4017;4000;1473;1553.79;2296.138;11;assigned;11[1473 px]
P1_F_HD_fibro_007_200x_mito;18;4018;4000;61;847.115;2271.426;7;assigned;7[61 px]
P1_F_HD_fibro_007_200x_mito;19;4019;4000;450;548.918;2331.813;7;assigned;7[450 px]
P1_F_HD_fibro_007_200x_mito;20;4020;4000;25;1534.08;2316.96;11;assigned;11[25 px]
P1_F_HD_fibro_007_200x_mito;21;5001;5000;1289;276.188;570.479;3;assigned;3[1289 px]
P1_F_HD_fibro_007_200x_mito;22;5002;5000;1510;199.744;615.785;3;assigned;3[1510 px]
P1_F_HD_fibro_007_200x_mito;23;5003;5000;2850;235.873;664.798;3;assigned;3[2850 px]
P1_F_HD_fibro_007_200x_mito;24;5004;5000;32;179.156;645.406;3;assigned;3[32 px]
P1_F_HD_fibro_007_200x_mito;25;5005;5000;4488;157.212;1349.309;2;assigned;2[4488 px]
P1_F_HD_fibro_007_200x_mito;26;5006;5000;2104;1515.0;2260.982;11;assigned;11[2104 px]
P1_F_HD_fibro_007_200x_mito;27;5007;5000;10;1534.6;2272.9;11;assigned;11[10 px]
P1_F_HD_fibro_007_200x_mito;28;5008;5000;38;1530.237;2313.211;11;assigned;11[38 px]
P1_F_HD_fibro_007_200x_mito;29;6001;6000;787;1172.424;1189.487;10;assigned;10[787 px]
P1_F_HD_fibro_007_200x_mito;30;6002;6000;72;1152.194;1207.444;10;assigned;10[72 px]
P1_F_HD_fibro_007_200x_mito;31;6003;6000;144;1195.771;1266.771;10;assigned;10[144 px]
P1_F_HD_fibro_007_200x_mito;32;7001;7000;622;1370.633;1182.722;10;assigned;10[622 px]
P1_F_HD_fibro_007_200x_mito;33;7002;7000;31;1325.226;1180.032;10;assigned;10[31 px]
P1_F_HD_fibro_007_200x_mito;34;7003;7000;135;1342.193;1201.615;10;assigned;10[135 px]
P1_F_HD_fibro_007_200x_mito;35;7004;7000;8;1277.625;1201.375;10;assigned;10[8 px]
P1_F_HD_fibro_007_200x_mito;36;7005;7000;143;1306.811;1206.105;10;assigned;10[143 px]
P1_F_HD_fibro_007_200x_mito;37;7006;7000;66;1305.303;1232.364;10;assigned;10[66 px]
P1_F_HD_fibro_007_200x_mito;38;7007;7000;110;1292.445;1240.027;10;assigned;10[110 px]
P1_F_HD_fibro_007_200x_mito;39;7008;7000;138;987.63;1533.674;8;assigned;8[121 px]
P1_F_HD_fibro_007_200x_mito;40;7009;7000;1010;994.627;1642.168;8;assigned;8[1010 px]
P1_F_HD_fibro_007_200x_mito;41;7010;7000;210;968.729;1698.052;8;assigned;8[210 px]
P1_F_HD_fibro_007_200x_mito;42;8001;8000;1161;659.331;962.297;6;assigned;6[1161 px]
P1_F_HD_fibro_007_200x_mito;43;8002;8000;767;79.728;1261.437;2;assigned;2[767 px]
P1_F_HD_fibro_007_200x_mito;44;8003;8000;699;287.356;1325.33;2;assigned;2[699 px]
P1_F_HD_fibro_007_200x_mito;45;12001;12000;22650;833.688;1627.86;8;assigned;8[20535 px]
P1_F_HD_fibro_007_200x_mito;46;12002;12000;78;958.167;1710.987;8;assigned;8[78 px]
P1_F_HD_fibro_007_200x_mito;47;12003;12000;6;949.667;1729.5;8;assigned;8[6 px]
P1_F_HD_fibro_007_200x_mito;48;12004;12000;2;951.0;1734.5;8;assigned;8[2 px]
P1_F_HD_fibro_007_200x_mito;49;12005;12000;91;927.89;1738.945;8;assigned;8[91 px]
P1_F_HD_fibro_007_200x_mito;50;12006;12000;9;913.556;1746.444;8;assigned;8[9 px]
P1_F_HD_fibro_007_200x_mito;51;12007;12000;159;895.491;1761.868;8;assigned;8[100 px]
P10_R_HD_fibro_001_mito;1;3001;3000;2229;1201.39;1533.53;1;assigned;1[2229 px]
P10_R_HD_fibro_001_mito;2;8001;8000;62;1248.597;1509.935;1;assigned;1[62 px]
P10_R_HD_fibro_001_mito;3;8002;8000;673;1251.052;1532.987;1;assigned;1[673 px]
P10_R_HD_fibro_001_mito;4;8003;8000;376;1204.676;1652.367;1;assigned;1[376 px]
P10_R_HD_fibro_002_mito;1;4001;4000;3;1500.0;765.0;2;assigned;2[3 px]
P10_R_HD_fibro_002_mito;2;4002;4000;62;988.629;919.258;1;assigned;1[62 px]
P10_R_HD_fibro_002_mito;3;4003;4000;1153;920.766;1034.671;1;assigned;1[1153 px]
P10_R_HD_fibro_002_mito;4;4004;4000;19;762.211;1128.368;1;assigned;1[19 px]
P10_R_HD_fibro_002_mito;5;4005;4000;5;790.4;1169.2;1;assigned;1[5 px]
P10_R_HD_fibro_002_mito;6;4006;4000;20;797.55;1179.15;1;assigned;1[20 px]
P10_R_HD_fibro_002_mito;7;5001;5000;174;1569.466;763.523;2;assigned;2[174 px]
P10_R_HD_fibro_002_mito;8;5002;5000;160;1612.981;834.769;2;assigned;2[160 px]
P10_R_HD_fibro_002_mito;9;5003;5000;369;1041.794;913.238;1;assigned;1[369 px]
P10_R_HD_fibro_002_mito;10;5004;5000;970;951.23;940.958;1;assigned;1[970 px]
P10_R_HD_fibro_002_mito;11;5005;5000;772;990.307;1017.684;1;assigned;1[772 px]
P10_R_HD_fibro_002_mito;12;5006;5000;759;844.916;1039.888;1;assigned;1[759 px]
P10_R_HD_fibro_002_mito;13;5007;5000;874;805.919;1101.223;1;assigned;1[874 px]
P10_R_HD_fibro_002_mito;14;8001;8000;10;705.1;1274.1;1;assigned;1[10 px]
P10_R_HD_fibro_002_mito;15;8002;8000;244;694.66;1285.414;1;assigned;1[244 px]
P10_R_HD_fibro_002_mito;16;8003;8000;77;721.974;1281.494;1;assigned;1[77 px]
P10_R_HD_fibro_002_mito;17;8004;8000;11;712.909;1289.182;1;assigned;1[11 px]
P10_R_HD_fibro_003_mito;1;3001;3000;29;1039.517;1304.276;2;assigned;2[29 px]
P10_R_HD_fibro_003_mito;2;3002;3000;314;1061.831;1321.15;2;assigned;2[314 px]
P10_R_HD_fibro_003_mito;3;3003;3000;281;1076.829;1335.37;2;assigned;2[281 px]
P10_R_HD_fibro_003_mito;4;4001;4000;542;1037.349;1386.448;2;assigned;2[542 px]
P10_R_HD_fibro_003_mito;5;4002;4000;373;1095.137;1392.992;2;assigned;2[373 px]
P10_R_HD_fibro_003_mito;6;4003;4000;491;1105.868;1544.558;2;assigned;2[491 px]
P10_R_HD_fibro_003_mito;7;4004;4000;508;1087.051;1726.957;2;assigned;2[508 px]
P10_R_HD_fibro_003_mito;8;4005;4000;305;1072.78;1915.026;2;assigned;2[305 px]
P10_R_HD_fibro_003_mito;9;4006;4000;426;1132.188;1957.521;2;assigned;2[426 px]
P10_R_HD_fibro_003_mito;10;5001;5000;1255;1063.183;1571.139;2;assigned;2[1255 px]
P10_R_HD_fibro_003_mito;11;5002;5000;1168;1070.732;1659.524;2;assigned;2[1168 px]
P10_R_HD_fibro_003_mito;12;5003;5000;1204;1108.622;1995.135;2;assigned;2[1204 px]
P10_R_HD_fibro_003_mito;13;5004;5000;1124;1107.617;2144.516;2;assigned;2[1124 px]
P10_R_HD_fibro_003_mito;14;5005;5000;954;1101.531;2167.827;2;assigned;2[954 px]
P10_R_HD_fibro_003_mito;15;6001;6000;1925;1066.194;1458.463;2;assigned;2[1925 px]
P10_R_HD_fibro_003_mito;16;7001;7000;107;892.822;969.215;1;assigned;1[107 px]
P10_R_HD_fibro_003_mito;17;7002;7000;1;886.0;981.0;1;assigned;1[1 px]
P10_R_HD_fibro_003_mito;18;7003;7000;246;1101.106;1616.837;2;assigned;2[246 px]
P10_R_HD_fibro_003_mito;19;8001;8000;129;849.845;962.481;1;assigned;1[129 px]
P10_R_HD_fibro_003_mito;20;8002;8000;379;1026.665;1477.826;2;assigned;2[379 px]
P10_R_HD_fibro_004_mito;1;2001;2000;92;137.522;520.946;1;assigned;1[92 px]
P10_R_HD_fibro_004_mito;2;2002;2000;379;350.335;568.583;1;assigned;1[379 px]
P10_R_HD_fibro_004_mito;3;2003;2000;658;1372.787;1562.097;1;assigned;1[658 px]
P10_R_HD_fibro_004_mito;4;2004;2000;727;1414.433;1575.191;1;assigned;1[727 px]
P10_R_HD_fibro_004_mito;5;3001;3000;1702;388.991;643.838;1;assigned;1[1702 px]
P10_R_HD_fibro_004_mito;6;3002;3000;795;605.951;769.546;1;assigned;1[795 px]
P10_R_HD_fibro_004_mito;7;3003;3000;259;626.263;777.201;1;assigned;1[259 px]
P10_R_HD_fibro_004_mito;8;3004;3000;916;500.488;1052.059;2;assigned;2[916 px]
P10_R_HD_fibro_004_mito;9;3005;3000;1478;794.821;1263.089;2;assigned;2[1478 px]
P10_R_HD_fibro_004_mito;10;3006;3000;1133;1203.763;1675.802;2;assigned;2[1133 px]
P10_R_HD_fibro_004_mito;11;4001;4000;622;268.907;620.781;1;assigned;1[622 px]
P10_R_HD_fibro_004_mito;12;4002;4000;3;250.667;624.333;1;assigned;1[3 px]
P10_R_HD_fibro_004_mito;13;4003;4000;939;944.251;949.696;1;assigned;1[939 px]
P10_R_HD_fibro_004_mito;14;4004;4000;235;1200.23;1132.204;1;assigned;1[235 px]
P10_R_HD_fibro_004_mito;15;4005;4000;729;704.815;1151.424;2;assigned;2[729 px]
P10_R_HD_fibro_004_mito;16;4006;4000;100;1232.56;1156.51;1;assigned;1[100 px]
P10_R_HD_fibro_004_mito;17;4007;4000;774;1167.813;1184.602;1;assigned;1[774 px]
P10_R_HD_fibro_004_mito;18;4008;4000;409;1272.577;1309.306;1;assigned;1[409 px]
P10_R_HD_fibro_004_mito;19;4009;4000;91;1334.462;1325.604;1;assigned;1[91 px]
P10_R_HD_fibro_004_mito;20;4010;4000;233;1302.906;1337.146;1;assigned;1[233 px]
P10_R_HD_fibro_004_mito;21;4011;4000;351;1358.798;1510.009;1;assigned;1[351 px]
P10_R_HD_fibro_004_mito;22;4012;4000;471;1346.987;1549.654;1;assigned;1[471 px]
P10_R_HD_fibro_004_mito;23;4013;4000;469;1452.846;1885.473;2;assigned;2[469 px]
P10_R_HD_fibro_004_mito;24;5001;5000;1045;200.07;513.63;1;assigned;1[1045 px]
P10_R_HD_fibro_004_mito;25;5002;5000;1494;271.627;567.915;1;assigned;1[1494 px]
P10_R_HD_fibro_004_mito;26;5003;5000;1797;433.209;663.038;1;assigned;1[1797 px]
P10_R_HD_fibro_004_mito;27;5004;5000;1220;312.589;656.692;1;assigned;1[1220 px]
P10_R_HD_fibro_004_mito;28;5005;5000;1295;553.77;743.816;1;assigned;1[1295 px]
P10_R_HD_fibro_004_mito;29;5006;5000;3532;1056.302;1047.659;1;assigned;1[3532 px]
P10_R_HD_fibro_004_mito;30;5007;5000;852;592.743;1100.948;2;assigned;2[852 px]
P10_R_HD_fibro_004_mito;31;5008;5000;1343;1127.445;1110.386;1;assigned;1[1343 px]
P10_R_HD_fibro_004_mito;32;5009;5000;1262;659.952;1140.883;2;assigned;2[1262 px]
P10_R_HD_fibro_004_mito;33;5010;5000;1314;730.553;1207.078;2;assigned;2[1314 px]
P10_R_HD_fibro_004_mito;34;5011;5000;943;1244.32;1241.146;1;assigned;1[943 px]
P10_R_HD_fibro_004_mito;35;5012;5000;796;1270.441;1278.732;1;assigned;1[796 px]
P10_R_HD_fibro_004_mito;36;5013;5000;745;1380.381;1461.107;1;assigned;1[745 px]
P10_R_HD_fibro_004_mito;37;5014;5000;882;1130.252;1600.298;2;assigned;2[882 px]
P10_R_HD_fibro_004_mito;38;5015;5000;1088;1269.217;1779.111;2;assigned;2[1088 px]
P10_R_HD_fibro_004_mito;39;5016;5000;1504;1326.267;1837.291;2;assigned;2[1504 px]
P10_R_HD_fibro_004_mito;40;5017;5000;210;1267.195;1805.924;2;assigned;2[210 px]
P10_R_HD_fibro_004_mito;41;6001;6000;582;1484.686;1907.065;2;assigned;2[582 px]
P10_R_HD_fibro_004_mito;42;6002;6000;637;1504.394;1931.129;2;assigned;2[637 px]
P10_R_HD_fibro_004_mito;43;6003;6000;653;1455.772;1977.894;2;assigned;2[653 px]
P10_R_HD_fibro_004_mito;44;7001;7000;786;397.416;992.372;2;assigned;2[786 px]
P10_R_HD_fibro_004_mito;45;7002;7000;742;372.024;991.189;2;assigned;2[742 px]
P10_R_HD_fibro_004_mito;46;7003;7000;303;527.868;1044.875;2;assigned;2[303 px]
P10_R_HD_fibro_004_mito;47;8001;8000;83;496.627;639.663;1;assigned;1[83 px]
P10_R_HD_fibro_004_mito;48;8002;8000;872;958.242;1056.764;1;assigned;1[872 px]
P10_R_HD_fibro_004_mito;49;8003;8000;343;1134.265;1059.574;1;assigned;1[343 px]
P10_R_HD_fibro_004_mito;50;8004;8000;385;1030.332;1106.208;1;assigned;1[385 px]
P10_R_HD_fibro_004_mito;51;8005;8000;474;1118.15;1152.243;1;assigned;1[474 px]
P10_R_HD_fibro_004_mito;52;8006;8000;607;681.774;1201.593;2;assigned;2[607 px]
P10_R_HD_fibro_004_mito;53;11001;11000;91;1107.44;1571.341;2;assigned;2[91 px]
P10_R_HD_fibro_005_mito;1;2001;2000;679;1217.426;1309.215;2;assigned;2[679 px]
P10_R_HD_fibro_005_mito;2;3001;3000;3486;877.532;1266.815;2;assigned;2[3486 px]
P10_R_HD_fibro_005_mito;3;3002;3000;2156;763.744;1266.334;2;assigned;2[2156 px]
P10_R_HD_fibro_005_mito;4;5001;5000;2244;113.083;1116.726;1;assigned;1[2244 px]
P10_R_HD_fibro_005_mito;5;5002;5000;3363;1064.357;1321.392;2;assigned;2[3363 px]
P10_R_HD_fibro_005_mito;6;5003;5000;2030;180.233;1317.645;1;assigned;1[2030 px]
P10_R_HD_fibro_005_mito;7;8001;8000;1066;993.388;1375.566;2;assigned;2[1066 px]
P10_R_HD_fibro_006_mito;1;3001;3000;732;896.665;315.135;3;assigned;3[732 px]
P10_R_HD_fibro_006_mito;2;5001;5000;162;819.494;605.864;2;assigned;2[162 px]
P10_R_HD_fibro_006_mito;3;5002;5000;11;805.455;631.273;2;assigned;2[11 px]
P10_R_HD_fibro_006_mito;4;5003;5000;16;794.062;640.562;2;assigned;2[16 px]
P10_R_HD_fibro_006_mito;5;5004;5000;901;675.775;942.614;1;assigned;1[901 px]
P10_R_HD_fibro_006_mito;6;5005;5000;1879;616.894;1009.383;1;assigned;1[1879 px]
P10_R_HD_fibro_006_mito;7;5006;5000;1584;521.966;1140.015;1;assigned;1[1584 px]
P10_R_HD_fibro_006_mito;8;5007;5000;1289;1249.629;1822.107;4;assigned;4[1289 px]
P10_R_HD_fibro_006_mito;9;11001;11000;242;630.033;942.612;1;assigned;1[242 px]
P10_R_HD_fibro_007_mito;1;3001;3000;1390;1079.243;1586.124;1;assigned;1[1390 px]
P10_R_HD_fibro_007_mito;2;4001;4000;963;1210.461;1577.952;1;assigned;1[963 px]
P10_R_HD_fibro_007_mito;3;5001;5000;501;1386.749;950.89;2;assigned;2[501 px]
P10_R_HD_fibro_007_mito;4;5002;5000;180;1376.139;988.533;2;assigned;2[180 px]
P10_R_HD_fibro_007_mito;5;5003;5000;3972;1167.372;1078.417;2;assigned;2[3972 px]
P10_R_HD_fibro_007_mito;6;5004;5000;1725;1251.435;1534.783;1;assigned;1[1725 px]
P10_R_HD_fibro_007_mito;7;5005;5000;467;1051.991;1637.784;1;assigned;1[467 px]
P10_R_HD_fibro_007_mito;8;8001;8000;435;1302.63;931.209;2;assigned;2[435 px]
P10_R_HD_fibro_007_mito;9;8002;8000;2;1325.5;917.0;2;assigned;2[2 px]
P10_R_HD_fibro_007_mito;10;8003;8000;302;1196.043;967.079;2;assigned;2[302 px]
P10_R_HD_fibro_007_mito;11;8004;8000;94;1097.128;1075.319;2;assigned;2[94 px]
P10_R_HD_fibro_007_mito;12;8005;8000;655;1294.559;1096.963;2;assigned;2[655 px]
P10_R_HD_fibro_009_mito;1;2001;2000;398;858.276;1385.043;1;assigned;1[398 px]
P10_R_HD_fibro_009_mito;2;2002;2000;316;1295.497;1922.364;3;assigned;3[316 px]
P10_R_HD_fibro_009_mito;3;3001;3000;1143;1059.463;796.913;1;assigned;1[1143 px]
P10_R_HD_fibro_009_mito;4;3002;3000;1056;1009.329;889.055;1;assigned;1[1056 px]
P10_R_HD_fibro_009_mito;5;3003;3000;1143;958.267;1123.471;1;assigned;1[1143 px]
P10_R_HD_fibro_009_mito;6;3004;3000;946;877.968;1347.087;1;assigned;1[946 px]
P10_R_HD_fibro_009_mito;7;3005;3000;2012;801.399;1486.244;1;assigned;1[2012 px]
P10_R_HD_fibro_009_mito;8;4001;4000;808;1256.135;620.568;1;assigned;1[808 px]
P10_R_HD_fibro_009_mito;9;4002;4000;945;981.328;1036.207;1;assigned;1[945 px]
P10_R_HD_fibro_009_mito;10;4003;4000;340;1461.144;1911.965;3;assigned;3[340 px]
P10_R_HD_fibro_009_mito;11;4004;4000;10;1449.3;1925.3;3;assigned;3[10 px]
P10_R_HD_fibro_009_mito;12;4005;4000;864;1143.541;2273.963;2;assigned;2[864 px]
P10_R_HD_fibro_009_mito;13;4006;4000;546;1019.062;2411.11;2;assigned;2[546 px]
P10_R_HD_fibro_009_mito;14;5001;5000;1508;1533.101;239.44;4;assigned;4[1508 px]
P10_R_HD_fibro_009_mito;15;5002;5000;1293;1093.649;758.872;1;assigned;1[1293 px]
P10_R_HD_fibro_009_mito;16;5003;5000;1088;1025.326;846.267;1;assigned;1[1088 px]
P10_R_HD_fibro_009_mito;17;5004;5000;1082;991.268;933.218;1;assigned;1[1082 px]
P10_R_HD_fibro_009_mito;18;5005;5000;871;979.753;980.899;1;assigned;1[871 px]
P10_R_HD_fibro_009_mito;19;5006;5000;1016;870.156;1237.006;1;assigned;1[1016 px]
P10_R_HD_fibro_009_mito;20;5007;5000;970;1524.938;1741.162;3;assigned;3[970 px]
P10_R_HD_fibro_009_mito;21;5008;5000;2;1548.0;1721.5;3;assigned;3[2 px]
P10_R_HD_fibro_009_mito;22;5009;5000;1125;1351.823;1749.58;3;assigned;3[1125 px]
P10_R_HD_fibro_009_mito;23;5010;5000;39;1395.026;1738.026;3;assigned;3[39 px]
P10_R_HD_fibro_009_mito;24;5011;5000;1937;1502.364;1825.456;3;assigned;3[1937 px]
P10_R_HD_fibro_009_mito;25;5012;5000;1039;1142.506;2178.604;2;assigned;2[1039 px]
P10_R_HD_fibro_009_mito;26;5013;5000;801;1009.891;2287.221;2;assigned;2[801 px]
P10_R_HD_fibro_009_mito;27;5014;5000;1702;1033.678;2369.968;2;assigned;2[1702 px]
P10_R_HD_fibro_009_mito;28;6001;6000;1944;1630.345;71.748;4;assigned;4[1944 px]
P10_R_HD_fibro_009_mito;29;6002;6000;2000;1186.362;642.111;1;assigned;1[2000 px]
P10_R_HD_fibro_009_mito;30;6003;6000;3864;1426.371;1864.297;3;assigned;3[3864 px]
P10_R_HD_fibro_009_mito;31;6004;6000;2;1447.0;1925.5;3;assigned;3[2 px]
P10_R_HD_fibro_009_mito;32;8001;8000;235;1211.277;593.123;1;assigned;1[235 px]
P10_R_HD_fibro_009_mito;33;8002;8000;595;913.355;1154.163;1;assigned;1[595 px]
P10_R_HD_fibro_009_mito;34;8003;8000;338;1538.947;1848.269;3;assigned;3[338 px]
P10_R_HD_fibro_009_mito;35;11001;11000;201;971.781;1087.02;1;assigned;1[201 px]
P10_R_HD_fibro_010_mito;1;2001;2000;874;1211.889;705.926;3;assigned;3[874 px]
P10_R_HD_fibro_010_mito;2;2002;2000;878;1147.835;723.815;3;assigned;3[878 px]
P10_R_HD_fibro_010_mito;3;2003;2000;387;1203.605;748.426;3;assigned;3[387 px]
P10_R_HD_fibro_010_mito;4;2004;2000;762;1170.268;799.434;3;assigned;3[762 px]
P10_R_HD_fibro_010_mito;5;2005;2000;414;1009.684;818.401;3;assigned;3[414 px]
P10_R_HD_fibro_010_mito;6;2006;2000;497;1063.966;943.855;3;assigned;3[497 px]
P10_R_HD_fibro_010_mito;7;2007;2000;903;221.419;1823.905;1;assigned;1[903 px]
P10_R_HD_fibro_010_mito;8;2008;2000;518;81.249;1919.019;1;assigned;1[518 px]
P10_R_HD_fibro_010_mito;9;3001;3000;1102;1396.826;513.038;3;assigned;3[1102 px]
P10_R_HD_fibro_010_mito;10;3002;3000;1782;188.702;1840.869;1;assigned;1[1782 px]
P10_R_HD_fibro_010_mito;11;3003;3000;1377;31.764;2024.405;1;assigned;1[1377 px]
P10_R_HD_fibro_010_mito;12;4001;4000;1159;1516.594;404.525;3;assigned;3[1159 px]
P10_R_HD_fibro_010_mito;13;4002;4000;568;1500.0;445.102;3;assigned;3[568 px]
P10_R_HD_fibro_010_mito;14;4003;4000;737;1328.045;581.505;3;assigned;3[737 px]
P10_R_HD_fibro_010_mito;15;4004;4000;564;1109.349;739.654;3;assigned;3[564 px]
P10_R_HD_fibro_010_mito;16;4005;4000;268;908.866;949.343;3;assigned;3[268 px]
P10_R_HD_fibro_010_mito;17;4006;4000;146;830.349;1181.76;3;assigned;3[146 px]
P10_R_HD_fibro_010_mito;18;4007;4000;730;402.96;1586.01;1;assigned;1[730 px]
P10_R_HD_fibro_010_mito;19;5001;5000;1668;1543.91;357.439;3;assigned;3[1668 px]
P10_R_HD_fibro_010_mito;20;5002;5000;1663;1507.967;366.798;3;assigned;3[1663 px]
P10_R_HD_fibro_010_mito;21;5003;5000;1090;1358.029;553.047;3;assigned;3[1090 px]
P10_R_HD_fibro_010_mito;22;5004;5000;1623;1003.281;920.577;3;assigned;3[1623 px]
P10_R_HD_fibro_010_mito;23;5005;5000;2083;918.968;1027.367;3;assigned;3[2083 px]
P10_R_HD_fibro_010_mito;24;5006;5000;1494;850.931;1116.311;3;assigned;3[1494 px]
P10_R_HD_fibro_010_mito;25;5007;5000;196;801.24;1186.204;3;assigned;3[196 px]
P10_R_HD_fibro_010_mito;26;5008;5000;829;603.068;1493.258;1;assigned;1[829 px]
P10_R_HD_fibro_010_mito;27;5009;5000;140;551.243;1510.914;1;assigned;1[140 px]
P10_R_HD_fibro_010_mito;28;5010;5000;623;603.327;1538.812;1;assigned;1[623 px]
P10_R_HD_fibro_010_mito;29;5011;5000;1247;367.939;1601.828;1;assigned;1[1247 px]
P10_R_HD_fibro_010_mito;30;5012;5000;1043;344.946;1625.669;1;assigned;1[1043 px]
P10_R_HD_fibro_010_mito;31;5013;5000;839;318.371;1656.875;1;assigned;1[839 px]
P10_R_HD_fibro_010_mito;32;5014;5000;1319;506.635;1676.397;1;assigned;1[1319 px]
P10_R_HD_fibro_010_mito;33;5015;5000;1270;234.928;1778.115;1;assigned;1[1270 px]
P10_R_HD_fibro_010_mito;34;5016;5000;1615;90.967;1969.559;1;assigned;1[1615 px]
P10_R_HD_fibro_010_mito;35;7001;7000;734;1460.496;445.537;3;assigned;3[734 px]
P10_R_HD_fibro_010_mito;36;7002;7000;677;1438.657;465.693;3;assigned;3[677 px]
P10_R_HD_fibro_010_mito;37;8001;8000;219;1556.447;320.256;3;assigned;3[219 px]
P10_R_HD_fibro_010_mito;38;8002;8000;161;1399.714;546.491;3;assigned;3[161 px]
P10_R_HD_fibro_010_mito;39;8003;8000;403;1240.774;648.826;3;assigned;3[403 px]
P10_R_HD_fibro_010_mito;40;8004;8000;415;945.788;910.284;3;assigned;3[415 px]
P10_R_HD_fibro_010_mito;41;8005;8000;359;1034.836;976.357;3;assigned;3[359 px]
P10_R_HD_fibro_010_mito;42;8006;8000;488;1015.414;998.992;3;assigned;3[488 px]
P10_R_HD_fibro_010_mito;43;8007;8000;380;999.334;1016.558;3;assigned;3[380 px]
P10_R_HD_fibro_010_mito;44;8008;8000;835;555.371;1329.274;2;assigned;2[835 px]
P10_R_HD_fibro_010_mito;45;8009;8000;1120;593.721;1583.127;1;assigned;1[1120 px]
P10_R_HD_fibro_010_mito;46;8010;8000;321;315.421;1718.695;1;assigned;1[321 px]
P10_R_HD_fibro_010_mito;47;8011;8000;355;136.206;1840.068;1;assigned;1[355 px]
P10_R_HD_fibro_010_mito;48;8012;8000;278;105.255;1862.248;1;assigned;1[278 px]
P10_R_HD_fibro_010_mito;49;8013;8000;2;95.0;1868.5;1;assigned;1[2 px]
P10_R_HD_fibro_010_mito;50;8014;8000;203;88.079;1882.803;1;assigned;1[203 px]
P10_R_HD_fibro_010_mito;51;8015;8000;264;142.557;1981.955;1;assigned;1[264 px]
P10_R_HD_fibro_010_mito;52;11001;11000;1221;482.957;1482.998;1;assigned;1[1221 px]
P2_N_HD_fibro_002_500x_mito;1;2001;2000;329;926.769;591.617;2;assigned;2[329 px]
P2_N_HD_fibro_002_500x_mito;2;2002;2000;470;1392.887;1230.087;10;assigned;10[470 px]
P2_N_HD_fibro_002_500x_mito;3;2003;2000;564;1284.271;1294.661;9;assigned;9[564 px]
P2_N_HD_fibro_002_500x_mito;4;2004;2000;15;1308.4;1270.133;9;assigned;9[15 px]
P2_N_HD_fibro_002_500x_mito;5;2005;2000;781;1456.262;1876.889;11;assigned;11[781 px]
P2_N_HD_fibro_002_500x_mito;6;2006;2000;544;1561.384;2028.195;11;assigned;11[544 px]
P2_N_HD_fibro_002_500x_mito;7;3001;3000;807;506.078;571.289;1;assigned;1[807 px]
P2_N_HD_fibro_002_500x_mito;8;3002;3000;436;1435.589;1842.261;11;assigned;11[436 px]
P2_N_HD_fibro_002_500x_mito;9;3003;3000;411;1519.964;1970.866;11;assigned;11[411 px]
P2_N_HD_fibro_002_500x_mito;10;4001;4000;480;250.996;326.121;1;assigned;1[480 px]
P2_N_HD_fibro_002_500x_mito;11;4002;4000;379;399.485;515.807;1;assigned;1[379 px]
P2_N_HD_fibro_002_500x_mito;12;4003;4000;449;897.183;593.639;2;assigned;2[449 px]
P2_N_HD_fibro_002_500x_mito;13;4004;4000;359;561.51;592.203;1;assigned;1[359 px]
P2_N_HD_fibro_002_500x_mito;14;4005;4000;774;513.99;621.224;1;assigned;1[774 px]
P2_N_HD_fibro_002_500x_mito;15;4006;4000;811;561.613;626.182;1;assigned;1[811 px]
P2_N_HD_fibro_002_500x_mito;16;4007;4000;1;532.0;620.0;1;assigned;1[1 px]
P2_N_HD_fibro_002_500x_mito;17;4008;4000;797;530.369;706.006;1;assigned;1[797 px]
P2_N_HD_fibro_002_500x_mito;18;4009;4000;163;620.417;776.613;1;assigned;1[163 px]
P2_N_HD_fibro_002_500x_mito;19;4010;4000;607;1220.181;841.867;7;assigned;7[607 px]
P2_N_HD_fibro_002_500x_mito;20;4011;4000;464;1190.058;840.347;7;assigned;7[464 px]
P2_N_HD_fibro_002_500x_mito;21;4012;4000;538;872.006;888.392;3;assigned;3[538 px]
P2_N_HD_fibro_002_500x_mito;22;4013;4000;313;824.147;887.304;3;assigned;3[313 px]
P2_N_HD_fibro_002_500x_mito;23;4014;4000;692;872.318;935.97;3;assigned;3[692 px]
P2_N_HD_fibro_002_500x_mito;24;4015;4000;2;841.5;934.0;3;assigned;3[2 px]
P2_N_HD_fibro_002_500x_mito;25;4016;4000;408;896.721;964.598;3;assigned;3[408 px]
P2_N_HD_fibro_002_500x_mito;26;4017;4000;760;1216.818;1047.564;8;assigned;8[760 px]
P2_N_HD_fibro_002_500x_mito;27;4018;4000;256;1487.789;1320.496;10;assigned;10[256 px]
P2_N_HD_fibro_002_500x_mito;28;4019;4000;420;1405.348;1338.226;9;assigned;9[420 px]
P2_N_HD_fibro_002_500x_mito;29;4020;4000;383;1320.849;1342.138;9;assigned;9[383 px]
P2_N_HD_fibro_002_500x_mito;30;4021;4000;523;1018.784;1652.598;5;assigned;5[523 px]
P2_N_HD_fibro_002_500x_mito;31;4022;4000;818;1049.968;1676.342;5;assigned;5[818 px]
P2_N_HD_fibro_002_500x_mito;32;4023;4000;376;1097.556;1689.128;5;assigned;5[376 px]
P2_N_HD_fibro_002_500x_mito;33;4024;4000;496;1535.167;1699.77;12;assigned;12[496 px]
P2_N_HD_fibro_002_500x_mito;34;4025;4000;1;1096.0;1704.0;5;assigned;5[1 px]
P2_N_HD_fibro_002_500x_mito;35;4026;4000;496;1099.448;1728.377;5;assigned;5[496 px]
P2_N_HD_fibro_002_500x_mito;36;4027;4000;409;1410.875;1799.222;11;assigned;11[409 px]
P2_N_HD_fibro_002_500x_mito;37;4028;4000;278;1502.219;1896.586;11;assigned;11[278 px]
P2_N_HD_fibro_002_500x_mito;38;4029;4000;307;1186.997;1912.779;6;assigned;6[307 px]
P2_N_HD_fibro_002_500x_mito;39;4030;4000;361;1163.809;1944.526;6;assigned;6[361 px]
P2_N_HD_fibro_002_500x_mito;40;4031;4000;39;1656.564;2130.231;14;assigned;14[39 px]
P2_N_HD_fibro_002_500x_mito;41;4032;4000;90;1659.2;2147.478;14;assigned;14[90 px]
P2_N_HD_fibro_002_500x_mito;42;4033;4000;2;1652.5;2163.0;14;assigned;14[2 px]
P2_N_HD_fibro_002_500x_mito;43;4034;4000;558;1647.586;2188.023;14;assigned;14[558 px]
P2_N_HD_fibro_002_500x_mito;44;4035;4000;232;1668.216;2205.746;14;assigned;14[232 px]
P2_N_HD_fibro_002_500x_mito;45;5001;5000;1378;318.291;366.993;1;assigned;1[1378 px]
P2_N_HD_fibro_002_500x_mito;46;5002;5000;1542;364.232;413.261;1;assigned;1[1542 px]
P2_N_HD_fibro_002_500x_mito;47;5003;5000;1497;402.989;462.128;1;assigned;1[1497 px]
P2_N_HD_fibro_002_500x_mito;48;5004;5000;1345;445.506;501.675;1;assigned;1[1345 px]
P2_N_HD_fibro_002_500x_mito;49;5005;5000;11;353.545;476.727;1;assigned;1[11 px]
P2_N_HD_fibro_002_500x_mito;50;5006;5000;728;487.929;545.104;1;assigned;1[728 px]
P2_N_HD_fibro_002_500x_mito;51;5007;5000;222;795.851;584.559;2;assigned;2[222 px]
P2_N_HD_fibro_002_500x_mito;52;5008;5000;2;778.0;597.5;2;assigned;2[2 px]
P2_N_HD_fibro_002_500x_mito;53;5009;5000;225;820.067;642.822;2;assigned;2[225 px]
P2_N_HD_fibro_002_500x_mito;54;5010;5000;964;598.19;648.541;1;assigned;1[964 px]
P2_N_HD_fibro_002_500x_mito;55;5011;5000;878;1185.536;756.317;7;assigned;7[878 px]
P2_N_HD_fibro_002_500x_mito;56;5012;5000;968;936.656;949.042;3;assigned;3[968 px]
P2_N_HD_fibro_002_500x_mito;57;5013;5000;789;1071.554;929.654;4;assigned;4[789 px]
P2_N_HD_fibro_002_500x_mito;58;5014;5000;60;1262.817;1065.45;8;assigned;8[60 px]
P2_N_HD_fibro_002_500x_mito;59;5015;5000;492;1228.894;1077.498;8;assigned;8[492 px]
P2_N_HD_fibro_002_500x_mito;60;5016;5000;832;1423.501;1232.522;10;assigned;10[832 px]
P2_N_HD_fibro_002_500x_mito;61;5017;5000;1568;1351.251;1316.936;9;assigned;9[1568 px]
P2_N_HD_fibro_002_500x_mito;62;5018;5000;489;1254.311;1305.08;9;assigned;9[489 px]
P2_N_HD_fibro_002_500x_mito;63;5019;5000;619;1464.362;1305.52;10;assigned;10[619 px]
P2_N_HD_fibro_002_500x_mito;64;5020;5000;889;1494.187;1377.433;10;assigned;10[889 px]
P2_N_HD_fibro_002_500x_mito;65;5021;5000;921;1541.795;1446.311;10;assigned;10[921 px]
P2_N_HD_fibro_002_500x_mito;66;5022;5000;1395;1485.204;1689.584;12;assigned;12[1395 px]
P2_N_HD_fibro_002_500x_mito;67;5023;5000;985;1119.335;1717.384;5;assigned;5[985 px]
P2_N_HD_fibro_002_500x_mito;68;5024;5000;950;1151.269;1724.48;5;assigned;5[950 px]
P2_N_HD_fibro_002_500x_mito;69;5025;5000;807;1602.311;2141.983;14;assigned;14[807 px]
P2_N_HD_fibro_002_500x_mito;70;5026;5000;877;1625.41;2152.344;14;assigned;14[877 px]
P2_N_HD_fibro_002_500x_mito;71;5027;5000;831;1687.904;2180.31;14;assigned;14[831 px]
P2_N_HD_fibro_002_500x_mito;72;5028;5000;1167;1521.145;2241.985;13;assigned;13[1167 px]
P2_N_HD_fibro_002_500x_mito;73;5029;5000;1123;1576.867;2274.492;13;assigned;13[1123 px]
P2_N_HD_fibro_002_500x_mito;74;5030;5000;969;1642.603;2334.976;13;assigned;13[969 px]
P2_N_HD_fibro_002_500x_mito;75;5031;5000;436;1660.057;2404.243;15;assigned;15[436 px]
P2_N_HD_fibro_002_500x_mito;76;6001;6000;2033;599.887;741.872;1;assigned;1[2033 px]
P2_N_HD_fibro_002_500x_mito;77;6002;6000;959;1720.252;2191.976;14;assigned;14[959 px]
P2_N_HD_fibro_002_500x_mito;78;6003;6000;4;1700.0;2219.5;14;assigned;14[4 px]
P2_N_HD_fibro_002_500x_mito;79;7001;7000;282;515.922;588.986;1;assigned;1[282 px]
P2_N_HD_fibro_002_500x_mito;80;8001;8000;2;372.0;340.5;1;assigned;1[2 px]
P2_N_HD_fibro_002_500x_mito;81;8002;8000;488;374.693;360.547;1;assigned;1[488 px]
P2_N_HD_fibro_002_500x_mito;82;8003;8000;1;292.0;396.0;1;assigned;1[1 px]
P2_N_HD_fibro_002_500x_mito;83;8004;8000;3;288.333;400.333;1;assigned;1[3 px]
P2_N_HD_fibro_002_500x_mito;84;8005;8000;269;304.037;412.796;1;assigned;1[269 px]
P2_N_HD_fibro_002_500x_mito;85;8006;8000;578;339.228;465.547;1;assigned;1[578 px]
P2_N_HD_fibro_002_500x_mito;86;8007;8000;298;478.141;486.232;1;assigned;1[298 px]
P2_N_HD_fibro_002_500x_mito;87;8008;8000;11;361.727;500.727;1;assigned;1[11 px]
P2_N_HD_fibro_002_500x_mito;88;8009;8000;294;376.061;511.915;1;assigned;1[294 px]
P2_N_HD_fibro_002_500x_mito;89;8010;8000;295;489.905;515.81;1;assigned;1[295 px]
P2_N_HD_fibro_002_500x_mito;90;8011;8000;94;954.021;594.277;2;assigned;2[94 px]
P2_N_HD_fibro_002_500x_mito;91;8012;8000;554;955.733;636.381;2;assigned;2[554 px]
P2_N_HD_fibro_002_500x_mito;92;8013;8000;274;502.106;675.566;1;assigned;1[274 px]
P2_N_HD_fibro_002_500x_mito;93;8014;8000;152;632.586;675.77;1;assigned;1[152 px]
P2_N_HD_fibro_002_500x_mito;94;8015;8000;190;634.0;699.684;1;assigned;1[190 px]
P2_N_HD_fibro_002_500x_mito;95;8016;8000;99;577.374;786.0;1;assigned;1[99 px]
P2_N_HD_fibro_002_500x_mito;96;8017;8000;2826;1132.76;974.471;4;assigned;4[2826 px]
P2_N_HD_fibro_002_500x_mito;97;8018;8000;1274;1069.301;985.028;4;assigned;4[1274 px]
P2_N_HD_fibro_002_500x_mito;98;8019;8000;179;1423.961;1276.855;10;assigned;10[179 px]
P2_N_HD_fibro_002_500x_mito;99;8020;8000;154;1439.097;1296.026;10;assigned;10[154 px]
P2_N_HD_fibro_002_500x_mito;100;8021;8000;290;1455.966;1344.538;10;assigned;10[290 px]
P2_N_HD_fibro_002_500x_mito;101;8022;8000;149;1368.544;1359.356;9;assigned;9[149 px]
P2_N_HD_fibro_002_500x_mito;102;8023;8000;169;1485.071;1432.189;10;assigned;10[169 px]
P2_N_HD_fibro_002_500x_mito;103;8024;8000;509;1202.921;1716.112;5;assigned;5[509 px]
P2_N_HD_fibro_002_500x_mito;104;8025;8000;134;1237.522;1773.731;5;assigned;5[134 px]
P2_N_HD_fibro_002_500x_mito;105;8026;8000;380;1119.468;1921.526;6;assigned;6[380 px]
P2_N_HD_fibro_002_500x_mito;106;8027;8000;315;1527.162;1931.616;11;assigned;11[315 px]
P2_N_HD_fibro_002_500x_mito;107;8028;8000;178;1607.758;2249.556;13;assigned;13[178 px]
P2_N_HD_fibro_002_500x_mito;108;11001;11000;22;454.273;449.591;1;assigned;1[22 px]
P2_N_HD_fibro_002_500x_mito;109;11002;11000;182;421.374;487.533;1;assigned;1[182 px]
P2_N_HD_fibro_002_500x_mito;110;11003;11000;152;462.836;538.072;1;assigned;1[152 px]
P2_N_HD_fibro_002_500x_mito;111;11004;11000;5;448.0;538.0;1;assigned;1[5 px]
P2_N_HD_fibro_002_500x_mito;112;11005;11000;364;582.964;695.478;1;assigned;1[364 px]
P2_N_HD_fibro_002_500x_mito;113;11006;11000;213;1182.911;791.793;7;assigned;7[213 px]
P2_N_HD_fibro_002_500x_mito;114;11007;11000;225;942.107;987.071;3;assigned;3[225 px]
P2_N_HD_fibro_002_500x_mito;115;11008;11000;202;1437.292;1258.109;10;assigned;10[202 px]
P2_N_HD_fibro_002_500x_mito;116;11009;11000;118;1355.458;1274.89;9;assigned;9[118 px]
P2_N_HD_fibro_002_500x_mito;117;11010;11000;5;1418.2;1270.6;10;assigned;10[5 px]
P2_N_HD_fibro_002_500x_mito;118;11011;11000;196;1580.077;1449.224;10;assigned;10[196 px]
P2_N_HD_fibro_002_500x_mito;119;11012;11000;201;1568.06;1484.831;10;assigned;10[201 px]
P2_N_HD_fibro_002_500x_mito;120;11013;11000;235;1204.86;1759.115;5;assigned;5[235 px]
P2_N_HD_fibro_002_500x_mito;121;11014;11000;430;1631.216;2281.581;13;assigned;13[430 px]
P2_N_HD_fibro_003_mito;1;5001;5000;3549;1455.936;1341.921;4;assigned;4[3549 px]
P2_N_HD_fibro_003_mito;2;6001;6000;608;684.53;1199.844;1;assigned;1[608 px]
P2_N_HD_fibro_003_mito;3;6002;6000;12391;628.776;1274.73;1;assigned;1[12391 px]
P2_N_HD_fibro_003_mito;4;8001;8000;2089;1385.004;1290.732;4;assigned;4[2089 px]
P2_N_HD_fibro_003_mito;5;8002;8000;1602;1339.694;1334.365;4;assigned;4[1602 px]
P2_N_HD_fibro_003_mito;6;8003;8000;1603;1369.585;1470.082;4;assigned;4[1603 px]
P2_N_HD_fibro_004_mito;1;3001;3000;1489;448.395;732.739;2;assigned;2[1489 px]
P2_N_HD_fibro_004_mito;2;3002;3000;2498;567.382;749.853;2;assigned;2[2498 px]
P2_N_HD_fibro_004_mito;3;3003;3000;1636;1291.301;967.007;4;assigned;4[1636 px]
P2_N_HD_fibro_004_mito;4;3004;3000;3542;1248.304;1605.413;3;assigned;3[3542 px]
P2_N_HD_fibro_004_mito;5;4001;4000;946;537.425;927.319;1;assigned;1[946 px]
P2_N_HD_fibro_004_mito;6;4002;4000;280;516.111;939.543;1;assigned;1[280 px]
P2_N_HD_fibro_004_mito;7;4003;4000;1502;1547.814;994.025;4;assigned;4[1502 px]
P2_N_HD_fibro_004_mito;8;5001;5000;1951;641.107;764.95;2;assigned;2[1951 px]
P2_N_HD_fibro_004_mito;9;5002;5000;3380;685.891;791.728;2;assigned;2[3380 px]
P2_N_HD_fibro_004_mito;10;5003;5000;2339;788.451;809.252;2;assigned;2[2339 px]
P2_N_HD_fibro_004_mito;11;5004;5000;1848;250.917;886.432;1;assigned;1[1848 px]
P2_N_HD_fibro_004_mito;12;5005;5000;1860;491.721;886.559;1;assigned;1[1860 px]
P2_N_HD_fibro_004_mito;13;5006;5000;804;442.364;894.77;1;assigned;1[804 px]
P2_N_HD_fibro_004_mito;14;5007;5000;3119;1362.95;979.958;4;assigned;4[3119 px]
P2_N_HD_fibro_004_mito;15;5008;5000;1470;1495.158;1002.098;4;assigned;4[1470 px]
P2_N_HD_fibro_004_mito;16;5009;5000;1824;1074.62;1550.846;3;assigned;3[1824 px]
P2_N_HD_fibro_004_mito;17;5010;5000;3188;1294.28;1641.41;3;assigned;3[3188 px]
P2_N_HD_fibro_004_mito;18;6001;6000;3308;1124.773;1569.36;3;assigned;3[3308 px]
P2_N_HD_fibro_004_mito;19;7001;7000;649;1250.034;953.851;4;assigned;4[649 px]
P2_N_HD_fibro_004_mito;20;8001;8000;548;1057.819;810.314;2;assigned;2[548 px]
P2_N_HD_fibro_004_mito;21;8002;8000;1858;1055.926;891.285;4;assigned;4[1858 px]
P2_N_HD_fibro_004_mito;22;8003;8000;1300;1093.876;934.449;4;assigned;4[1300 px]
P2_N_HD_fibro_004_mito;23;8004;8000;1041;361.789;937.322;1;assigned;1[1041 px]
P2_N_HD_fibro_004_mito;24;8005;8000;1757;1664.441;1037.742;4;assigned;4[1757 px]
P2_N_HD_fibro_004_mito;25;8006;8000;994;1586.209;1047.363;4;assigned;4[994 px]
P2_N_HD_fibro_004_mito;26;8007;8000;495;1141.859;1624.83;3;assigned;3[495 px]
P2_N_HD_fibro_004_mito;27;11001;11000;52;538.115;855.981;1;assigned;1[52 px]
P2_N_HD_fibro_004_mito;28;11002;11000;127;535.969;866.835;1;assigned;1[127 px]
P2_N_HD_fibro_005_mito;1;4001;4000;2028;482.631;711.392;1;assigned;1[2028 px]
P2_N_HD_fibro_005_mito;2;4002;4000;129;623.55;1080.884;2;assigned;2[129 px]
P2_N_HD_fibro_005_mito;3;4003;4000;109;611.734;1110.33;2;assigned;2[109 px]
P2_N_HD_fibro_005_mito;4;4004;4000;1170;703.082;1149.859;2;assigned;2[1170 px]
P2_N_HD_fibro_005_mito;5;4005;4000;1241;1687.4;1645.357;3;assigned;3[1241 px]
P2_N_HD_fibro_005_mito;6;5001;5000;6305;468.17;832.606;1;assigned;1[6305 px]
P2_N_HD_fibro_005_mito;7;5002;5000;3781;791.801;911.609;2;assigned;2[3781 px]
P2_N_HD_fibro_005_mito;8;5003;5000;8221;750.731;1009.962;2;assigned;2[8221 px]
P2_N_HD_fibro_005_mito;9;5004;5000;3280;1575.512;1757.266;3;assigned;3[3280 px]
P2_N_HD_fibro_005_mito;10;8001;8000;1786;629.734;953.524;2;assigned;2[1786 px]
P2_N_HD_fibro_005_mito;11;8002;8000;4381;1484.612;1502.49;3;assigned;3[4381 px]
P2_N_HD_fibro_005_mito;12;8003;8000;1136;1604.133;1498.261;3;assigned;3[1136 px]
P2_N_HD_fibro_006_mito;1;5001;5000;1507;1333.456;1453.622;2;assigned;2[1507 px]
P2_N_HD_fibro_006_mito;2;5002;5000;1314;1273.76;1533.673;2;assigned;2[1314 px]
P2_N_HD_fibro_006_mito;3;5003;5000;78;1199.526;1650.41;2;assigned;2[78 px]
P2_N_HD_fibro_006_mito;4;5004;5000;24;1254.708;1670.792;2;assigned;2[24 px]
P2_N_HD_fibro_006_mito;5;8001;8000;765;1326.124;1496.331;2;assigned;2[765 px]
P2_N_HD_fibro_006_mito;6;8002;8000;578;1220.924;1593.356;2;assigned;2[578 px]
P2_N_HD_fibro_006_mito;7;11001;11000;202;1360.371;1312.931;2;assigned;2[202 px]
P2_N_HD_fibro_006_mito;8;11002;11000;292;1239.534;1623.945;2;assigned;2[292 px]
P2_N_HD_fibro_008_500x_mito;1;3001;3000;1299;945.416;997.867;2;assigned;2[1299 px]
P2_N_HD_fibro_008_500x_mito;2;3002;3000;885;908.469;1008.21;2;assigned;2[885 px]
P2_N_HD_fibro_008_500x_mito;3;3003;3000;846;626.182;1175.83;1;assigned;1[846 px]
P2_N_HD_fibro_008_500x_mito;4;3004;3000;924;1366.389;1576.324;4;assigned;4[924 px]
P2_N_HD_fibro_008_500x_mito;5;4001;4000;482;504.429;1244.724;1;assigned;1[482 px]
P2_N_HD_fibro_008_500x_mito;6;4002;4000;767;1064.639;1475.761;3;assigned;3[767 px]
P2_N_HD_fibro_008_500x_mito;7;4003;4000;306;1269.51;1475.585;3;assigned;3[306 px]
P2_N_HD_fibro_008_500x_mito;8;4004;4000;930;971.678;1519.486;3;assigned;3[930 px]
P2_N_HD_fibro_008_500x_mito;9;4005;4000;567;933.018;1549.589;3;assigned;3[567 px]
P2_N_HD_fibro_008_500x_mito;10;4006;4000;770;1275.705;1600.618;4;assigned;4[770 px]
P2_N_HD_fibro_008_500x_mito;11;4007;4000;665;1206.202;1621.985;4;assigned;4[665 px]
P2_N_HD_fibro_008_500x_mito;12;4008;4000;499;1108.996;1658.936;4;assigned;4[499 px]
P2_N_HD_fibro_008_500x_mito;13;4009;4000;147;846.748;1784.837;4;assigned;4[147 px]
P2_N_HD_fibro_008_500x_mito;14;5001;5000;1038;576.752;1190.941;1;assigned;1[1038 px]
P2_N_HD_fibro_008_500x_mito;15;5002;5000;1112;904.562;1529.74;3;assigned;3[1112 px]
P2_N_HD_fibro_008_500x_mito;16;5003;5000;818;856.2;1552.318;3;assigned;3[818 px]
P2_N_HD_fibro_008_500x_mito;17;5004;5000;612;1398.603;1551.155;4;assigned;4[612 px]
P2_N_HD_fibro_008_500x_mito;18;5005;5000;1094;1253.493;1629.172;4;assigned;4[1094 px]
P2_N_HD_fibro_008_500x_mito;19;5006;5000;609;1020.489;1635.509;3;assigned;3[609 px]
P2_N_HD_fibro_008_500x_mito;20;5007;5000;1038;1154.851;1664.061;4;assigned;4[1038 px]
P2_N_HD_fibro_008_500x_mito;21;5008;5000;1046;899.554;1668.604;3;assigned;3[1046 px]
P2_N_HD_fibro_008_500x_mito;22;5009;5000;1231;770.883;1728.925;3;assigned;3[1231 px]
P2_N_HD_fibro_008_500x_mito;23;5010;5000;665;754.325;1759.812;3;assigned;3[665 px]
P2_N_HD_fibro_008_500x_mito;24;5011;5000;949;802.394;1804.249;4;assigned;4[949 px]
P2_N_HD_fibro_008_500x_mito;25;5012;5000;875;705.088;1834.544;4;assigned;4[875 px]
P2_N_HD_fibro_008_500x_mito;26;7001;7000;333;721.67;1740.168;3;assigned;3[333 px]
P2_N_HD_fibro_008_500x_mito;27;7002;7000;6;739.0;1748.5;3;assigned;3[6 px]
P2_N_HD_fibro_008_500x_mito;28;8001;8000;305;1017.413;1463.997;3;assigned;3[305 px]
P2_N_HD_fibro_008_500x_mito;29;8002;8000;323;1026.08;1525.724;3;assigned;3[323 px]
P2_N_HD_fibro_008_500x_mito;30;8003;8000;282;992.798;1630.734;3;assigned;3[282 px]
P2_N_HD_fibro_008_500x_mito;31;8004;8000;355;828.975;1668.158;3;assigned;3[355 px]
P2_N_HD_fibro_008_500x_mito;32;8005;8000;1206;803.403;1690.066;3;assigned;3[1206 px]
P2_N_HD_fibro_008_500x_mito;33;8006;8000;5;774.8;1682.4;3;assigned;3[5 px]
P2_N_HD_fibro_008_500x_mito;34;8007;8000;494;770.255;1701.794;3;assigned;3[494 px]
P2_N_HD_fibro_008_500x_mito;35;8008;8000;718;991.898;1711.542;4;assigned;4[718 px]
P2_N_HD_fibro_008_500x_mito;36;8009;8000;822;1034.32;1739.023;4;assigned;4[822 px]
P2_N_HD_fibro_008_500x_mito;37;8010;8000;333;764.087;1795.294;4;assigned;4[333 px]
P2_N_HD_fibro_008_500x_mito;38;11001;11000;233;870.481;1671.897;3;assigned;3[233 px]
P2_N_HD_fibro_010_mito;1;4001;4000;400;419.723;1160.18;1;assigned;1[400 px]
P2_N_HD_fibro_010_mito;2;4002;4000;353;1715.898;1283.819;3;assigned;3[353 px]
P2_N_HD_fibro_010_mito;3;4003;4000;308;394.24;1315.581;1;assigned;1[308 px]
P2_N_HD_fibro_010_mito;4;5001;5000;2194;665.732;784.731;1;assigned;1[2194 px]
P2_N_HD_fibro_010_mito;5;5002;5000;678;749.499;821.932;1;assigned;1[678 px]
P2_N_HD_fibro_010_mito;6;5003;5000;1671;611.448;849.171;1;assigned;1[1671 px]
P2_N_HD_fibro_010_mito;7;5004;5000;334;710.174;883.335;1;assigned;1[334 px]
P2_N_HD_fibro_010_mito;8;5005;5000;1136;1329.693;905.587;2;assigned;2[1136 px]
P2_N_HD_fibro_010_mito;9;5006;5000;1822;1721.409;1048.138;3;assigned;3[1822 px]
P2_N_HD_fibro_010_mito;10;5007;5000;23;446.435;1023.609;1;assigned;1[23 px]
P2_N_HD_fibro_010_mito;11;5008;5000;654;440.08;1058.124;1;assigned;1[654 px]
P2_N_HD_fibro_010_mito;12;5009;5000;1178;1677.892;1108.001;3;assigned;3[1178 px]
P2_N_HD_fibro_010_mito;13;5010;5000;1374;460.077;1117.48;1;assigned;1[1374 px]
P2_N_HD_fibro_010_mito;14;5011;5000;1;1723.0;1104.0;3;assigned;3[1 px]
P2_N_HD_fibro_010_mito;15;5012;5000;1219;1679.797;1149.03;3;assigned;3[1219 px]
P2_N_HD_fibro_010_mito;16;5013;5000;1323;446.686;1189.677;1;assigned;1[1323 px]
P2_N_HD_fibro_010_mito;17;5014;5000;1;410.0;1176.0;1;assigned;1[1 px]
P2_N_HD_fibro_010_mito;18;5015;5000;1429;1684.658;1208.385;3;assigned;3[1429 px]
P2_N_HD_fibro_010_mito;19;5016;5000;1198;438.201;1277.407;1;assigned;1[1198 px]
P2_N_HD_fibro_010_mito;20;8001;8000;163;502.429;1080.264;1;assigned;1[163 px]
P2_N_HD_fibro_011_mito;1;2001;2000;2533;600.118;789.85;2;assigned;2[2533 px]
P2_N_HD_fibro_011_mito;2;2002;2000;867;1472.234;1331.661;4;assigned;4[867 px]
P2_N_HD_fibro_011_mito;3;4001;4000;60;429.15;563.183;1;assigned;1[60 px]
P2_N_HD_fibro_011_mito;4;4002;4000;725;457.993;580.61;1;assigned;1[725 px]
P2_N_HD_fibro_011_mito;5;4003;4000;814;1536.65;1337.145;4;assigned;4[814 px]
P2_N_HD_fibro_011_mito;6;4004;4000;2174;1583.674;1393.919;4;assigned;4[2174 px]
P2_N_HD_fibro_011_mito;7;4005;4000;2501;1562.186;1603.463;4;assigned;4[2501 px]
P2_N_HD_fibro_011_mito;8;4006;4000;576;1605.396;1651.5;4;assigned;4[576 px]
P2_N_HD_fibro_011_mito;9;5001;5000;6293;713.369;924.499;2;assigned;2[6293 px]
P2_N_HD_fibro_011_mito;10;5002;5000;1790;1236.031;1142.598;3;assigned;3[1790 px]
P2_N_HD_fibro_011_mito;11;5003;5000;1238;1345.583;1190.868;3;assigned;3[1238 px]
P2_N_HD_fibro_011_mito;12;5004;5000;826;1324.524;1248.28;3;assigned;3[826 px]
P2_N_HD_fibro_011_mito;13;5005;5000;1829;1418.791;1386.752;4;assigned;4[1829 px]
P2_N_HD_fibro_011_mito;14;5006;5000;2934;1716.652;1563.702;4;assigned;4[2934 px]
P2_N_HD_fibro_011_mito;15;8001;8000;1268;1434.925;1478.505;4;assigned;4[1268 px]
P2_N_HD_fibro_011_mito;16;8002;8000;764;1514.815;1568.241;4;assigned;4[764 px]
P2_N_HD_fibro_012_mito;1;4001;4000;3574;1268.835;1117.513;2;assigned;2[3574 px]
P2_N_HD_fibro_012_mito;2;4002;4000;2658;1164.437;1115.252;2;assigned;2[2658 px]
P2_N_HD_fibro_012_mito;3;4003;4000;2349;1169.96;1188.367;2;assigned;2[2349 px]
P2_N_HD_fibro_012_mito;4;4004;4000;410;1167.944;1652.212;1;assigned;1[410 px]
P2_N_HD_fibro_012_mito;5;4005;4000;19;1166.737;1683.316;1;assigned;1[19 px]
P2_N_HD_fibro_012_mito;6;4006;4000;1977;1125.29;1743.678;1;assigned;1[1977 px]
P2_N_HD_fibro_012_mito;7;5001;5000;1876;1663.149;1241.903;4;assigned;4[1876 px]
P2_N_HD_fibro_012_mito;8;5002;5000;6257;1089.367;1554.027;1;assigned;1[6257 px]
P2_N_HD_fibro_012_mito;9;5003;5000;19;1171.789;1638.105;1;assigned;1[19 px]
P2_N_HD_fibro_012_mito;10;5004;5000;4348;1296.98;1780.424;3;assigned;3[4348 px]
P2_N_HD_fibro_012_mito;11;5005;5000;775;1196.773;1825.425;3;assigned;3[775 px]
P2_N_HD_fibro_012_mito;12;5006;5000;3;1353.0;1821.0;3;assigned;3[3 px]
P2_N_HD_fibro_012_mito;13;5007;5000;984;1247.474;1882.139;3;assigned;3[984 px]
P2_N_HD_fibro_012_mito;14;6001;6000;12041;1575.157;1405.958;4;assigned;4[12041 px]
P2_N_HD_fibro_012_mito;15;6002;6000;17692;970.749;1734.466;1;assigned;1[17692 px]
P2_N_HD_fibro_012_mito;16;8001;8000;1482;1271.787;855.217;2;assigned;2[1482 px]
P3_P_HD_fibro_001_mito;1;2001;2000;1269;900.797;802.801;2;assigned;2[1269 px]
P3_P_HD_fibro_001_mito;2;2002;2000;3136;941.014;990.448;4;assigned;4[3136 px]
P3_P_HD_fibro_001_mito;3;4001;4000;3899;480.178;540.272;1;assigned;1[3899 px]
P3_P_HD_fibro_001_mito;4;4002;4000;15;557.0;582.133;1;assigned;1[15 px]
P3_P_HD_fibro_001_mito;5;4003;4000;15;559.667;593.067;1;assigned;1[15 px]
P3_P_HD_fibro_001_mito;6;4004;4000;986;1237.912;805.493;4;assigned;4[986 px]
P3_P_HD_fibro_001_mito;7;4005;4000;372;866.688;835.274;2;assigned;2[372 px]
P3_P_HD_fibro_001_mito;8;4006;4000;770;1250.09;870.386;4;assigned;4[770 px]
P3_P_HD_fibro_001_mito;9;4007;4000;152;1310.204;866.368;4;assigned;4[152 px]
P3_P_HD_fibro_001_mito;10;4008;4000;300;1288.09;884.52;4;assigned;4[300 px]
P3_P_HD_fibro_001_mito;11;4009;4000;2787;1050.325;920.286;4;assigned;4[2787 px]
P3_P_HD_fibro_001_mito;12;4010;4000;374;853.701;892.479;2;assigned;2[374 px]
P3_P_HD_fibro_001_mito;13;4011;4000;3729;707.531;1013.992;4;assigned;4[3729 px]
P3_P_HD_fibro_001_mito;14;4012;4000;2737;647.933;1029.109;4;assigned;4[2737 px]
P3_P_HD_fibro_001_mito;15;4013;4000;1155;1166.965;1132.968;3;assigned;3[1155 px]
P3_P_HD_fibro_001_mito;16;4014;4000;27;1205.37;1124.0;3;assigned;3[27 px]
P3_P_HD_fibro_001_mito;17;4015;4000;2646;832.207;1356.113;3;assigned;3[2646 px]
P3_P_HD_fibro_001_mito;18;5001;5000;6567;465.836;694.511;1;assigned;1[6567 px]
P3_P_HD_fibro_001_mito;19;5002;5000;5166;458.229;767.335;1;assigned;1[5166 px]
P3_P_HD_fibro_001_mito;20;5003;5000;6164;1581.201;843.278;5;assigned;5[6164 px]
P3_P_HD_fibro_001_mito;21;5004;5000;6577;817.547;1047.941;4;assigned;4[6577 px]
P3_P_HD_fibro_001_mito;22;5005;5000;5197;986.145;1244.417;3;assigned;3[5197 px]
P3_P_HD_fibro_001_mito;23;7001;7000;2238;1165.423;923.991;4;assigned;4[2238 px]
P3_P_HD_fibro_001_mito;24;8001;8000;1933;395.393;620.541;1;assigned;1[1933 px]
P3_P_HD_fibro_001_mito;25;8002;8000;40;1203.55;804.6;4;assigned;4[40 px]
P3_P_HD_fibro_001_mito;26;8003;8000;669;1180.164;830.682;4;assigned;4[669 px]
P3_P_HD_fibro_001_mito;27;8004;8000;508;818.148;864.811;2;assigned;2[508 px]
P3_P_HD_fibro_001_mito;28;8005;8000;4835;1491.544;895.237;5;assigned;5[4835 px]
P3_P_HD_fibro_001_mito;29;8006;8000;1274;1131.301;1006.786;4;assigned;4[1274 px]
P3_P_HD_fibro_001_mito;30;8007;8000;797;1478.363;1051.749;5;assigned;5[797 px]
P3_P_HD_fibro_001_mito;31;8008;8000;2171;939.665;1113.057;4;assigned;4[2171 px]
P3_P_HD_fibro_001_mito;32;8009;8000;1276;838.891;1142.603;4;assigned;4[1276 px]
P3_P_HD_fibro_001_mito;33;8010;8000;1297;911.069;1236.88;3;assigned;3[1297 px]
P3_P_HD_fibro_001_mito;34;8011;8000;734;784.812;1244.454;3;assigned;3[734 px]
P3_P_HD_fibro_001_mito;35;11001;11000;1814;798.377;1303.682;3;assigned;3[1814 px]
P3_P_HD_fibro_002_mito;1;2001;2000;2194;1372.178;589.831;3;assigned;3[2194 px]
P3_P_HD_fibro_002_mito;2;2002;2000;814;432.902;2116.0;1;assigned;1[814 px]
P3_P_HD_fibro_002_mito;3;3001;3000;283;1472.435;274.325;3;assigned;3[283 px]
P3_P_HD_fibro_002_mito;4;3002;3000;1631;1336.866;789.175;3;assigned;3[1631 px]
P3_P_HD_fibro_002_mito;5;3003;3000;1729;249.57;2481.819;1;assigned;1[1729 px]
P3_P_HD_fibro_002_mito;6;3004;3000;769;162.919;2575.588;1;assigned;1[769 px]
P3_P_HD_fibro_002_mito;7;4001;4000;1406;1373.567;525.151;3;assigned;3[1406 px]
P3_P_HD_fibro_002_mito;8;4002;4000;462;1395.084;700.327;3;assigned;3[462 px]
P3_P_HD_fibro_002_mito;9;4003;4000;1086;1327.148;713.907;3;assigned;3[1086 px]
P3_P_HD_fibro_002_mito;10;4004;4000;1090;803.119;1451.582;2;assigned;2[1090 px]
P3_P_HD_fibro_002_mito;11;4005;4000;519;542.464;1714.904;2;assigned;2[519 px]
P3_P_HD_fibro_002_mito;12;4006;4000;1206;459.064;2050.299;1;assigned;1[1206 px]
P3_P_HD_fibro_002_mito;13;4007;4000;1995;420.145;2220.554;1;assigned;1[1995 px]
P3_P_HD_fibro_002_mito;14;4008;4000;759;378.856;2233.729;1;assigned;1[759 px]
P3_P_HD_fibro_002_mito;15;4009;4000;1152;269.3;2401.645;1;assigned;1[1152 px]
P3_P_HD_fibro_002_mito;16;5001;5000;1252;1497.117;197.376;3;assigned;3[1252 px]
P3_P_HD_fibro_002_mito;17;5002;5000;1093;1465.087;360.573;3;assigned;3[1093 px]
P3_P_HD_fibro_002_mito;18;5003;5000;1984;1356.038;682.701;3;assigned;3[1984 px]
P3_P_HD_fibro_002_mito;19;5004;5000;992;1280.969;962.773;3;assigned;3[992 px]
P3_P_HD_fibro_002_mito;20;5005;5000;1208;1210.943;1096.32;3;assigned;3[1208 px]
P3_P_HD_fibro_002_mito;21;5006;5000;1535;1199.429;1137.84;3;assigned;3[1535 px]
P3_P_HD_fibro_002_mito;22;5007;5000;1584;1186.71;1215.316;3;assigned;3[1584 px]
P3_P_HD_fibro_002_mito;23;5008;5000;1038;845.784;1452.459;2;assigned;2[1038 px]
P3_P_HD_fibro_002_mito;24;5009;5000;4262;658.53;1545.538;2;assigned;2[4262 px]
P3_P_HD_fibro_002_mito;25;5010;5000;1606;377.435;2272.202;1;assigned;1[1606 px]
P3_P_HD_fibro_002_mito;26;5011;5000;2;346.0;2257.5;1;assigned;1[2 px]
P3_P_HD_fibro_002_mito;27;8001;8000;213;1492.362;316.892;3;assigned;3[213 px]
P3_P_HD_fibro_002_mito;28;8002;8000;571;1482.907;391.504;3;assigned;3[571 px]
P3_P_HD_fibro_002_mito;29;8003;8000;269;1426.684;391.108;3;assigned;3[269 px]
P3_P_HD_fibro_002_mito;30;8004;8000;756;1409.136;441.646;3;assigned;3[756 px]
P3_P_HD_fibro_002_mito;31;8005;8000;449;1470.759;460.619;3;assigned;3[449 px]
P3_P_HD_fibro_002_mito;32;8006;8000;488;1458.23;495.332;3;assigned;3[488 px]
P3_P_HD_fibro_002_mito;33;8007;8000;499;1331.519;572.353;3;assigned;3[499 px]
P3_P_HD_fibro_002_mito;34;8008;8000;291;1423.072;619.247;3;assigned;3[291 px]
P3_P_HD_fibro_002_mito;35;8009;8000;584;1401.644;651.623;3;assigned;3[584 px]
P3_P_HD_fibro_002_mito;36;8010;8000;577;1394.867;738.445;3;assigned;3[577 px]
P3_P_HD_fibro_002_mito;37;8011;8000;200;1294.245;891.89;3;assigned;3[200 px]
P3_P_HD_fibro_002_mito;38;8012;8000;632;1319.85;915.35;3;assigned;3[632 px]
P3_P_HD_fibro_002_mito;39;8013;8000;460;1282.446;1004.285;3;assigned;3[460 px]
P3_P_HD_fibro_002_mito;40;8014;8000;318;1214.877;1052.186;3;assigned;3[318 px]
P3_P_HD_fibro_002_mito;41;8015;8000;847;1208.368;1184.077;3;assigned;3[847 px]
P3_P_HD_fibro_002_mito;42;8016;8000;2;1158.5;1220.0;3;assigned;3[2 px]
P3_P_HD_fibro_002_mito;43;8017;8000;446;1169.677;1237.374;3;assigned;3[446 px]
P3_P_HD_fibro_002_mito;44;8018;8000;840;796.939;1593.427;2;assigned;2[840 px]
P3_P_HD_fibro_002_mito;45;8019;8000;508;564.935;1626.61;2;assigned;2[508 px]
P3_P_HD_fibro_002_mito;46;8020;8000;747;734.217;1660.387;2;assigned;2[747 px]
P3_P_HD_fibro_002_mito;47;8021;8000;985;545.453;1781.99;2;assigned;2[985 px]
P3_P_HD_fibro_002_mito;48;8022;8000;450;549.009;1808.087;2;assigned;2[450 px]
P3_P_HD_fibro_002_mito;49;8023;8000;1;560.0;1795.0;2;assigned;2[1 px]
P3_P_HD_fibro_002_mito;50;8024;8000;584;424.949;2082.514;1;assigned;1[584 px]
P3_P_HD_fibro_002_mito;51;8025;8000;558;468.654;2163.665;1;assigned;1[558 px]
P3_P_HD_fibro_002_mito;52;8026;8000;683;308.767;2330.808;1;assigned;1[681 px]
P3_P_HD_fibro_002_mito;53;8027;8000;395;249.689;2430.132;1;assigned;1[395 px]
P3_P_HD_fibro_002_mito;54;8028;8000;325;299.578;2454.988;1;assigned;1[325 px]
P3_P_HD_fibro_002_mito;55;11001;11000;494;475.955;2003.607;1;assigned;1[494 px]
P3_P_HD_fibro_002_mito;56;11002;11000;492;504.537;2022.362;1;assigned;1[492 px]
P3_P_HD_fibro_002_mito;57;11003;11000;361;479.629;2097.302;1;assigned;1[361 px]
P3_P_HD_fibro_002_mito;58;11004;11000;407;471.17;2133.265;1;assigned;1[407 px]
P3_P_HD_fibro_002_mito;59;11005;11000;331;422.87;2140.637;1;assigned;1[331 px]
P3_P_HD_fibro_003_mito;1;2001;2000;1872;125.556;602.709;1;assigned;1[1872 px]
P3_P_HD_fibro_003_mito;2;3001;3000;2415;331.103;714.006;1;assigned;1[2415 px]
P3_P_HD_fibro_003_mito;3;3002;3000;2384;368.195;741.788;1;assigned;1[2384 px]
P3_P_HD_fibro_003_mito;4;3003;3000;3332;1605.322;809.42;3;assigned;3[3332 px]
P3_P_HD_fibro_003_mito;5;4001;4000;1333;495.554;856.32;1;assigned;1[1333 px]
P3_P_HD_fibro_003_mito;6;4002;4000;1746;1436.038;1277.923;4;assigned;4[1746 px]
P3_P_HD_fibro_003_mito;7;5001;5000;3165;104.645;526.464;1;assigned;1[3165 px]
P3_P_HD_fibro_003_mito;8;5002;5000;3556;267.659;658.744;1;assigned;1[3556 px]
P3_P_HD_fibro_003_mito;9;5003;5000;1;264.0;588.0;1;assigned;1[1 px]
P3_P_HD_fibro_003_mito;10;5004;5000;2;260.5;592.0;1;assigned;1[2 px]
P3_P_HD_fibro_003_mito;11;5005;5000;4360;1362.818;651.708;3;assigned;3[4360 px]
P3_P_HD_fibro_003_mito;12;5006;5000;3984;1510.115;756.463;3;assigned;3[3984 px]
P3_P_HD_fibro_003_mito;13;5007;5000;11;1589.909;733.636;3;assigned;3[11 px]
P3_P_HD_fibro_003_mito;14;5008;5000;12;285.667;740.917;1;assigned;1[12 px]
P3_P_HD_fibro_003_mito;15;5009;5000;2052;438.333;794.944;1;assigned;1[2052 px]
P3_P_HD_fibro_003_mito;16;5010;5000;184;1629.402;1459.587;5;assigned;5[184 px]
P3_P_HD_fibro_003_mito;17;5011;5000;102;1611.461;1534.716;5;assigned;5[102 px]
P3_P_HD_fibro_003_mito;18;7001;7000;661;525.185;892.528;1;assigned;1[661 px]
P3_P_HD_fibro_003_mito;19;8001;8000;1161;248.636;580.337;1;assigned;1[1161 px]
P3_P_HD_fibro_003_mito;20;8002;8000;331;570.955;1014.852;1;assigned;1[331 px]
P3_P_HD_fibro_003_mito;21;8003;8000;788;1465.315;1342.176;4;assigned;4[788 px]
P3_P_HD_fibro_003_mito;22;8004;8000;1084;1148.211;1413.767;2;assigned;2[1084 px]
P3_P_HD_fibro_003_mito;23;10001;10000;2625;1516.978;1259.445;4;assigned;4[2625 px]
P3_P_HD_fibro_004_mito;1;3001;3000;3574;1289.936;933.084;2;assigned;2[3574 px]
P3_P_HD_fibro_004_mito;2;3002;3000;44;515.477;1998.977;1;assigned;1[44 px]
P3_P_HD_fibro_004_mito;3;3003;3000;10;521.1;2013.7;1;assigned;1[10 px]
P3_P_HD_fibro_004_mito;4;3004;3000;674;560.54;2048.319;1;assigned;1[674 px]
P3_P_HD_fibro_004_mito;5;5001;5000;4181;1580.96;452.47;2;assigned;2[4181 px]
P3_P_HD_fibro_004_mito;6;5002;5000;5614;1503.263;614.262;2;assigned;2[5614 px]
P3_P_HD_fibro_004_mito;7;5003;5000;3810;989.223;1336.098;2;assigned;2[3810 px]
P3_P_HD_fibro_004_mito;8;7001;7000;14;720.286;1814.214;1;assigned;1[14 px]
P3_P_HD_fibro_004_mito;9;7002;7000;166;740.193;1836.681;1;assigned;1[166 px]
P3_P_HD_fibro_004_mito;10;7003;7000;149;720.987;1845.805;1;assigned;1[149 px]
P3_P_HD_fibro_004_mito;11;7004;7000;1489;648.022;1956.103;1;assigned;1[1489 px]
P3_P_HD_fibro_004_mito;12;8001;8000;4580;1419.663;799.475;2;assigned;2[4580 px]
P3_P_HD_fibro_004_mito;13;8002;8000;2507;1376.944;871.116;2;assigned;2[2507 px]
P3_P_HD_fibro_004_mito;14;8003;8000;2941;1153.21;1063.81;2;assigned;2[2941 px]
P3_P_HD_fibro_004_mito;15;8004;8000;2897;1018.52;1216.842;2;assigned;2[2897 px]
P3_P_HD_fibro_004_mito;16;8005;8000;279;484.24;2218.237;1;assigned;1[279 px]
P3_P_HD_fibro_004_mito;17;10001;10000;151;803.483;1726.94;1;assigned;1[151 px]
P3_P_HD_fibro_004_mito;18;10002;10000;75;708.4;1837.533;1;assigned;1[75 px]
P3_P_HD_fibro_004_mito;19;10003;10000;5;717.8;1848.2;1;assigned;1[5 px]
P3_P_HD_fibro_004_mito;20;11001;11000;1557;1409.827;640.694;2;assigned;2[1557 px]
P3_P_HD_fibro_004_mito;21;11002;11000;5;393.2;2177.6;1;assigned;1[5 px]
P3_P_HD_fibro_004_mito;22;11003;11000;13;388.308;2190.154;1;assigned;1[13 px]
P3_P_HD_fibro_005_mito;1;2001;2000;39;1550.077;1372.333;2;assigned;2[39 px]
P3_P_HD_fibro_005_mito;2;4001;4000;271;1557.838;1044.863;2;assigned;2[271 px]
P3_P_HD_fibro_005_mito;3;4002;4000;1573;1465.266;1413.735;2;assigned;2[1573 px]
P3_P_HD_fibro_005_mito;4;5001;5000;275;1588.393;828.4;2;assigned;2[275 px]
P3_P_HD_fibro_005_mito;5;5002;5000;2490;1572.412;1149.894;2;assigned;2[2490 px]
P3_P_HD_fibro_005_mito;6;5003;5000;4101;265.196;2399.978;1;assigned;1[4101 px]
P3_P_HD_fibro_005_mito;7;5004;5000;1210;283.875;2483.474;1;assigned;1[1210 px]
P3_P_HD_fibro_005_mito;8;8001;8000;428;1641.343;1056.25;2;assigned;2[428 px]
P3_P_HD_fibro_005_mito;9;8002;8000;1469;1488.242;1239.711;2;assigned;2[1469 px]
P3_P_HD_fibro_005_mito;10;8003;8000;1604;1537.713;1480.521;2;assigned;2[1604 px]
P3_P_HD_fibro_005_mito;11;8004;8000;674;321.208;2280.004;1;assigned;1[674 px]
P3_P_HD_fibro_005_mito;12;8005;8000;144;206.868;2452.069;1;assigned;1[144 px]
P3_P_HD_fibro_005_mito;13;11001;11000;721;330.889;2327.785;1;assigned;1[721 px]
P3_P_HD_fibro_005_mito;14;11002;11000;712;322.594;2379.619;1;assigned;1[712 px]
P3_P_HD_fibro_005_mito;15;11003;11000;685;229.641;2480.67;1;assigned;1[685 px]
P3_P_HD_fibro_006_mito;1;2001;2000;2111;789.605;1759.304;1;assigned;1[2111 px]
P3_P_HD_fibro_006_mito;2;4001;4000;199;1627.593;1176.618;2;assigned;2[199 px]
P3_P_HD_fibro_006_mito;3;4002;4000;4355;1294.627;1412.039;2;assigned;2[4355 px]
P3_P_HD_fibro_006_mito;4;5001;5000;7579;1552.919;1182.658;2;assigned;2[7579 px]
P3_P_HD_fibro_006_mito;5;5002;5000;3;1554.667;1112.333;2;assigned;2[3 px]
P3_P_HD_fibro_006_mito;6;5003;5000;2;1558.5;1116.0;2;assigned;2[2 px]
P3_P_HD_fibro_006_mito;7;5004;5000;4465;1155.964;1337.994;2;assigned;2[4465 px]
P3_P_HD_fibro_006_mito;8;5005;5000;10858;828.063;1611.05;1;assigned;1[10858 px]
P3_P_HD_fibro_006_mito;9;5006;5000;9993;371.025;1620.582;1;assigned;1[9993 px]
P3_P_HD_fibro_006_mito;10;5007;5000;14551;543.844;1766.267;1;assigned;1[14551 px]
P3_P_HD_fibro_006_mito;11;8001;8000;2224;1385.407;1127.293;2;assigned;2[2224 px]
P3_P_HD_fibro_006_mito;12;8002;8000;958;1526.407;1338.013;2;assigned;2[958 px]
P3_P_HD_fibro_006_mito;13;8003;8000;1690;1107.066;1613.692;1;assigned;1[1690 px]
P3_P_HD_fibro_006_mito;14;8004;8000;1487;1048.465;1668.647;1;assigned;1[1487 px]
P3_P_HD_fibro_006_mito;15;8005;8000;1482;976.555;1692.286;1;assigned;1[1482 px]
P3_P_HD_fibro_006_mito;16;11001;11000;2371;1580.242;1095.7;2;assigned;2[2371 px]
P3_P_HD_fibro_007_mito;1;2001;2000;873;461.556;1017.03;3;assigned;3[873 px]
P3_P_HD_fibro_007_mito;2;2002;2000;500;425.62;1008.956;3;assigned;3[500 px]
P3_P_HD_fibro_007_mito;3;2003;2000;7;440.429;1013.714;3;assigned;3[7 px]
P3_P_HD_fibro_007_mito;4;2004;2000;524;309.046;1206.527;1;assigned;1[524 px]
P3_P_HD_fibro_007_mito;5;2005;2000;468;257.468;1299.735;1;assigned;1[468 px]
P3_P_HD_fibro_007_mito;6;2006;2000;285;1027.607;1709.389;5;assigned;5[285 px]
P3_P_HD_fibro_007_mito;7;2007;2000;798;998.484;1798.283;5;assigned;5[798 px]
P3_P_HD_fibro_007_mito;8;3001;3000;1313;474.148;547.415;4;assigned;4[1313 px]
P3_P_HD_fibro_007_mito;9;3002;3000;1259;302.731;1139.595;1;assigned;1[1259 px]
P3_P_HD_fibro_007_mito;10;3003;3000;529;396.76;1159.127;3;assigned;3[529 px]
P3_P_HD_fibro_007_mito;11;3004;3000;1612;247.939;1230.108;1;assigned;1[1612 px]
P3_P_HD_fibro_007_mito;12;4001;4000;550;1408.711;818.742;6;assigned;6[550 px]
P3_P_HD_fibro_007_mito;13;4002;4000;299;1412.278;843.92;6;assigned;6[299 px]
P3_P_HD_fibro_007_mito;14;4003;4000;1;1392.0;855.0;6;assigned;6[1 px]
P3_P_HD_fibro_007_mito;15;4004;4000;322;317.357;1172.534;1;assigned;1[322 px]
P3_P_HD_fibro_007_mito;16;4005;4000;46;982.478;1612.522;5;assigned;5[46 px]
P3_P_HD_fibro_007_mito;17;4006;4000;15;952.0;1620.733;5;assigned;5[15 px]
P3_P_HD_fibro_007_mito;18;4007;4000;6;965.5;1620.0;5;assigned;5[6 px]
P3_P_HD_fibro_007_mito;19;4008;4000;644;1003.936;1747.916;5;assigned;5[644 px]
P3_P_HD_fibro_007_mito;20;4009;4000;3;1029.0;1740.0;5;assigned;5[3 px]
P3_P_HD_fibro_007_mito;21;4010;4000;869;997.261;1767.794;5;assigned;5[869 px]
P3_P_HD_fibro_007_mito;22;4011;4000;535;965.564;1896.148;5;assigned;5[535 px]
P3_P_HD_fibro_007_mito;23;5001;5000;1493;396.184;463.835;2;assigned;2[1493 px]
P3_P_HD_fibro_007_mito;24;5002;5000;638;480.962;495.65;4;assigned;4[638 px]
P3_P_HD_fibro_007_mito;25;5003;5000;1051;1417.201;725.308;6;assigned;6[1051 px]
P3_P_HD_fibro_007_mito;26;5004;5000;1906;1358.241;837.172;6;assigned;6[1906 px]
P3_P_HD_fibro_007_mito;27;5005;5000;984;1553.728;922.941;7;assigned;7[984 px]
P3_P_HD_fibro_007_mito;28;5006;5000;1441;1497.746;1011.753;7;assigned;7[1441 px]
P3_P_HD_fibro_007_mito;29;5007;5000;1136;1454.592;1028.844;7;assigned;7[1136 px]
P3_P_HD_fibro_007_mito;30;5008;5000;1439;427.253;1046.925;3;assigned;3[1439 px]
P3_P_HD_fibro_007_mito;31;5009;5000;1355;175.421;1345.948;1;assigned;1[1355 px]
P3_P_HD_fibro_007_mito;32;5010;5000;1195;977.153;1636.023;5;assigned;5[1195 px]
P3_P_HD_fibro_007_mito;33;5011;5000;1386;985.574;1722.307;5;assigned;5[1386 px]
P3_P_HD_fibro_007_mito;34;5012;5000;1234;970.25;1829.917;5;assigned;5[1234 px]
P3_P_HD_fibro_007_mito;35;5013;5000;930;960.517;1844.209;5;assigned;5[930 px]
P3_P_HD_fibro_007_mito;36;5014;5000;1;952.0;1831.0;5;assigned;5[1 px]
P3_P_HD_fibro_007_mito;37;5015;5000;1;959.0;1832.0;5;assigned;5[1 px]
P3_P_HD_fibro_007_mito;38;5016;5000;2;960.5;1835.0;5;assigned;5[2 px]
P3_P_HD_fibro_007_mito;39;5017;5000;3;986.0;1848.0;5;assigned;5[3 px]
P3_P_HD_fibro_007_mito;40;5018;5000;1;995.0;1852.0;5;assigned;5[1 px]
P3_P_HD_fibro_007_mito;41;5019;5000;1;999.0;1856.0;5;assigned;5[1 px]
P3_P_HD_fibro_007_mito;42;5020;5000;1211;922.176;1995.875;5;assigned;5[1211 px]
P3_P_HD_fibro_007_mito;43;6001;6000;1681;410.972;1117.28;3;assigned;3[1681 px]
P3_P_HD_fibro_007_mito;44;8001;8000;985;449.277;410.479;2;assigned;2[985 px]
P3_P_HD_fibro_007_mito;45;8002;8000;221;363.538;459.0;2;assigned;2[221 px]
P3_P_HD_fibro_007_mito;46;8003;8000;362;1368.42;889.558;6;assigned;6[362 px]
P3_P_HD_fibro_007_mito;47;8004;8000;214;301.252;1073.64;1;assigned;1[214 px]
P3_P_HD_fibro_007_mito;48;8005;8000;467;1479.786;1082.111;7;assigned;7[467 px]
P3_P_HD_fibro_007_mito;49;8006;8000;164;456.909;1093.262;3;assigned;3[164 px]
P3_P_HD_fibro_007_mito;50;8007;8000;109;281.055;1104.56;1;assigned;1[109 px]
P3_P_HD_fibro_007_mito;51;8008;8000;727;1025.355;1678.149;5;assigned;5[727 px]
P3_P_HD_fibro_007_mito;52;8009;8000;571;948.753;1966.224;5;assigned;5[571 px]
P3_P_HD_fibro_007_mito;53;8010;8000;4;946.25;2020.25;5;assigned;5[4 px]
P3_P_HD_fibro_007_mito;54;8011;8000;421;935.264;2030.366;5;assigned;5[421 px]
P3_P_HD_fibro_008_mito;1;4001;4000;1454;1202.698;1004.683;1;assigned;1[1454 px]
P3_P_HD_fibro_008_mito;2;4002;4000;1;1207.0;1023.0;1;assigned;1[1 px]
P3_P_HD_fibro_008_mito;3;4003;4000;1;1228.0;1023.0;1;assigned;1[1 px]
P3_P_HD_fibro_008_mito;4;4004;4000;1193;1220.319;1093.987;1;assigned;1[1193 px]
P3_P_HD_fibro_008_mito;5;4005;4000;13;1299.692;1524.385;1;assigned;1[13 px]
P3_P_HD_fibro_008_mito;6;4006;4000;880;1304.268;1555.201;1;assigned;1[880 px]
P3_P_HD_fibro_008_mito;7;4007;4000;1065;1192.484;1609.568;1;assigned;1[1065 px]
P3_P_HD_fibro_008_mito;8;4008;4000;577;1205.778;1652.709;1;assigned;1[577 px]
P3_P_HD_fibro_008_mito;9;5001;5000;4519;1033.712;523.336;1;assigned;1[4519 px]
P3_P_HD_fibro_008_mito;10;5002;5000;4661;1037.319;579.332;1;assigned;1[4661 px]
P3_P_HD_fibro_008_mito;11;5003;5000;4172;1050.247;647.702;1;assigned;1[4172 px]
P3_P_HD_fibro_008_mito;12;5004;5000;4074;1224.566;1425.524;1;assigned;1[4074 px]
P3_P_HD_fibro_008_mito;13;5005;5000;1919;1272.749;1443.886;1;assigned;1[1919 px]
P3_P_HD_fibro_008_mito;14;5006;5000;2534;1342.273;1878.368;1;assigned;1[2534 px]
P3_P_HD_fibro_008_mito;15;5007;5000;2325;1280.463;1868.556;1;assigned;1[2325 px]
P3_P_HD_fibro_008_mito;16;6001;6000;6527;1133.247;973.306;1;assigned;1[6527 px]
P3_P_HD_fibro_008_mito;17;6002;6000;4744;1201.638;1205.772;1;assigned;1[4744 px]
P3_P_HD_fibro_008_mito;18;8001;8000;2347;1155.063;862.907;1;assigned;1[2347 px]
P3_P_HD_fibro_008_mito;19;8002;8000;988;1213.071;1036.798;1;assigned;1[988 px]
P3_P_HD_fibro_008_mito;20;8003;8000;694;1154.702;1116.566;1;assigned;1[694 px]
P3_P_HD_fibro_008_mito;21;8004;8000;2112;1269.026;1500.64;1;assigned;1[2112 px]
P3_P_HD_fibro_008_mito;22;8005;8000;1115;1190.414;1503.071;1;assigned;1[1115 px]
P3_P_HD_fibro_008_mito;23;8006;8000;614;1330.59;1607.018;1;assigned;1[614 px]
P3_P_HD_fibro_008_mito;24;8007;8000;1513;1335.827;1653.174;1;assigned;1[1513 px]
P3_P_HD_fibro_008_mito;25;8008;8000;1993;1219.68;1763.628;1;assigned;1[1993 px]
P3_P_HD_fibro_009_mito;1;2001;2000;4455;207.268;851.713;1;assigned;1[4455 px]
P3_P_HD_fibro_009_mito;2;2002;2000;77;552.338;1106.078;1;assigned;1[77 px]
P3_P_HD_fibro_009_mito;3;2003;2000;1425;582.654;1134.954;1;assigned;1[1425 px]
P3_P_HD_fibro_009_mito;4;4001;4000;2651;525.949;894.298;1;assigned;1[2651 px]
P3_P_HD_fibro_009_mito;5;5001;5000;3733;480.683;788.526;1;assigned;1[3733 px]
P3_P_HD_fibro_009_mito;6;5002;5000;5957;1312.542;1421.143;2;assigned;2[5957 px]
P3_P_HD_fibro_009_mito;7;5003;5000;2687;1420.436;1369.384;2;assigned;2[2687 px]
P3_P_HD_fibro_009_mito;8;5004;5000;1640;1201.937;1462.882;2;assigned;2[1640 px]
P3_P_HD_fibro_009_mito;9;5005;5000;3;1316.333;1490.667;2;assigned;2[3 px]
P3_P_HD_fibro_009_mito;10;5006;5000;1;1320.0;1495.0;2;assigned;2[1 px]
P3_P_HD_fibro_009_mito;11;8001;8000;1179;223.103;670.977;1;assigned;1[1179 px]
P3_P_HD_fibro_009_mito;12;8002;8000;753;369.819;667.586;1;assigned;1[753 px]
P3_P_HD_fibro_009_mito;13;8003;8000;2118;163.695;753.059;1;assigned;1[2118 px]
P3_P_HD_fibro_009_mito;14;8004;8000;1221;141.723;811.08;1;assigned;1[1221 px]
P3_P_HD_fibro_009_mito;15;8005;8000;1334;193.304;939.008;1;assigned;1[1334 px]
P3_P_HD_fibro_009_mito;16;8006;8000;985;568.855;937.916;1;assigned;1[985 px]
P3_P_HD_fibro_009_mito;17;8007;8000;1666;236.087;982.147;1;assigned;1[1666 px]
P3_P_HD_fibro_009_mito;18;8008;8000;1335;570.193;986.816;1;assigned;1[1335 px]
P3_P_HD_fibro_009_mito;19;8009;8000;1;580.0;1004.0;1;assigned;1[1 px]
P3_P_HD_fibro_009_mito;20;8010;8000;1669;592.867;1027.476;1;assigned;1[1669 px]
P3_P_HD_fibro_009_mito;21;8011;8000;1059;334.88;1073.742;1;assigned;1[1059 px]
P3_P_HD_fibro_009_mito;22;8012;8000;857;382.483;1094.454;1;assigned;1[857 px]
P3_P_HD_fibro_009_mito;23;8013;8000;832;604.249;1108.287;1;assigned;1[832 px]
P3_P_HD_fibro_009_mito;24;8014;8000;21;356.762;1093.762;1;assigned;1[21 px]
P3_P_HD_fibro_009_mito;25;8015;8000;1171;1294.352;1492.769;2;assigned;2[1171 px]
P4_S_HD_fibro_011_mito;1;2001;2000;1012;1670.597;1315.837;3;assigned;3[1012 px]
P4_S_HD_fibro_011_mito;2;3001;3000;1360;1703.506;1310.921;3;assigned;3[1360 px]
P4_S_HD_fibro_011_mito;3;3002;3000;2107;1598.337;1330.154;3;assigned;3[2107 px]
P4_S_HD_fibro_011_mito;4;3003;3000;735;1572.072;1912.695;4;assigned;4[735 px]
P4_S_HD_fibro_011_mito;5;4001;4000;647;66.536;1247.811;1;assigned;1[647 px]
P4_S_HD_fibro_011_mito;6;4002;4000;583;698.906;1239.021;2;assigned;2[583 px]
P4_S_HD_fibro_011_mito;7;4003;4000;207;90.242;1260.488;1;assigned;1[207 px]
P4_S_HD_fibro_011_mito;8;4004;4000;581;630.16;1259.296;2;assigned;2[581 px]
P4_S_HD_fibro_011_mito;9;4005;4000;932;657.151;1286.639;2;assigned;2[932 px]
P4_S_HD_fibro_011_mito;10;4006;4000;646;630.98;1284.904;2;assigned;2[646 px]
P4_S_HD_fibro_011_mito;11;4007;4000;31;75.0;1285.226;1;assigned;1[31 px]
P4_S_HD_fibro_011_mito;12;4008;4000;164;1671.433;1921.988;4;assigned;4[164 px]
P4_S_HD_fibro_011_mito;13;4009;4000;434;1629.947;1964.857;4;assigned;4[434 px]
P4_S_HD_fibro_011_mito;14;5001;5000;555;672.874;1096.295;2;assigned;2[555 px]
P4_S_HD_fibro_011_mito;15;5002;5000;1127;694.384;1196.594;2;assigned;2[1127 px]
P4_S_HD_fibro_011_mito;16;5003;5000;60;40.783;1227.583;1;assigned;1[60 px]
P4_S_HD_fibro_011_mito;17;5004;5000;459;34.322;1251.974;1;assigned;1[459 px]
P4_S_HD_fibro_011_mito;18;5005;5000;3023;693.531;1298.576;2;assigned;2[3023 px]
P4_S_HD_fibro_011_mito;19;5006;5000;1121;1612.55;1929.219;4;assigned;4[1121 px]
P4_S_HD_fibro_011_mito;20;8001;8000;260;619.942;1104.181;2;assigned;2[260 px]
P4_S_HD_fibro_011_mito;21;8002;8000;126;697.183;1150.04;2;assigned;2[126 px]
P4_S_HD_fibro_011_mito;22;8003;8000;271;602.321;1163.934;2;assigned;2[271 px]
P4_S_HD_fibro_011_mito;23;8004;8000;442;644.661;1324.283;2;assigned;2[442 px]
P4_S_HD_fibro_011_mito;24;8005;8000;220;1691.264;1892.641;4;assigned;4[220 px]
P4_S_HD_fibro_012_mito;1;4001;4000;978;1005.607;1652.993;2;assigned;2[978 px]
P4_S_HD_fibro_012_mito;2;4002;4000;669;926.115;1675.924;2;assigned;2[669 px]
P4_S_HD_fibro_012_mito;3;5001;5000;2436;1258.68;738.757;4;assigned;4[2436 px]
P4_S_HD_fibro_012_mito;4;5002;5000;461;1210.438;1042.466;3;assigned;3[461 px]
P4_S_HD_fibro_012_mito;5;5003;5000;2123;1155.223;1089.998;3;assigned;3[2123 px]
P4_S_HD_fibro_012_mito;6;5004;5000;1818;864.402;1570.174;1;assigned;1[1818 px]
P4_S_HD_fibro_012_mito;7;5005;5000;2207;819.28;1606.449;1;assigned;1[2207 px]
P4_S_HD_fibro_012_mito;8;6001;6000;4399;1161.594;777.268;4;assigned;4[4399 px]
P4_S_HD_fibro_012_mito;9;6002;6000;2366;889.078;1747.947;2;assigned;2[2366 px]
P4_S_HD_fibro_012_mito;10;8001;8000;24;1276.417;688.708;4;assigned;4[24 px]
P4_S_HD_fibro_012_mito;11;8002;8000;1448;1298.076;717.326;4;assigned;4[1448 px]
P4_S_HD_fibro_012_mito;12;8003;8000;502;1085.496;773.831;4;assigned;4[502 px]
P4_S_HD_fibro_012_mito;13;8004;8000;106;1104.217;838.519;4;assigned;4[106 px]
P4_S_HD_fibro_012_mito;14;8005;8000;246;1125.435;848.22;4;assigned;4[246 px]
P4_S_HD_fibro_012_mito;15;8006;8000;8;1100.875;853.125;4;assigned;4[8 px]
P4_S_HD_fibro_012_mito;16;8007;8000;201;1117.831;869.299;4;assigned;4[201 px]
P4_S_HD_fibro_012_mito;17;8008;8000;498;980.219;1646.036;2;assigned;2[498 px]
P4_S_HD_fibro_012_mito;18;8009;8000;426;882.092;1707.249;2;assigned;2[426 px]
P4_S_HD_fibro_012_mito;19;8010;8000;113;875.973;1731.841;2;assigned;2[113 px]
P4_S_HD_fibro_012_mito;20;8011;8000;3;862.667;1738.667;2;assigned;2[3 px]
P4_S_HD_fibro_012_mito;21;10001;10000;2;1045.5;786.0;4;assigned;4[2 px]
P4_S_HD_fibro_012_mito;22;10002;10000;2250;1070.857;832.136;4;assigned;4[2250 px]
P4_S_HD_fibro_012_mito;23;11001;11000;1687;943.445;1740.987;2;assigned;2[1687 px]
P4_S_HD_fibro_013_mito;1;4001;4000;4970;1062.554;609.249;2;assigned;2[4970 px]
P4_S_HD_fibro_013_mito;2;4002;4000;1405;1189.172;668.996;2;assigned;2[1405 px]
P4_S_HD_fibro_013_mito;3;4003;4000;4533;1216.195;780.726;2;assigned;2[4533 px]
P4_S_HD_fibro_013_mito;4;4004;4000;2917;1307.052;882.796;2;assigned;2[2917 px]
P4_S_HD_fibro_013_mito;5;4005;4000;4957;1439.776;1129.307;2;assigned;2[4957 px]
P4_S_HD_fibro_013_mito;6;4006;4000;1;740.0;1656.0;1;assigned;1[1 px]
P4_S_HD_fibro_013_mito;7;4007;4000;1;736.0;1660.0;1;assigned;1[1 px]
P4_S_HD_fibro_013_mito;8;4008;4000;4262;717.187;1707.305;1;assigned;1[4262 px]
P4_S_HD_fibro_013_mito;9;4009;4000;27;774.222;1731.148;1;assigned;1[27 px]
P4_S_HD_fibro_013_mito;10;4010;4000;4613;678.023;1843.016;1;assigned;1[4613 px]
P4_S_HD_fibro_013_mito;11;4011;4000;8;621.875;1886.375;1;assigned;1[8 px]
P4_S_HD_fibro_013_mito;12;5001;5000;7709;968.168;570.567;2;assigned;2[7709 px]
P4_S_HD_fibro_013_mito;13;5002;5000;837;1556.151;1236.293;2;assigned;2[837 px]
P4_S_HD_fibro_013_mito;14;5003;5000;3536;1441.278;1259.991;2;assigned;2[3536 px]
P4_S_HD_fibro_013_mito;15;5004;5000;1827;709.355;1657.978;1;assigned;1[1827 px]
P4_S_HD_fibro_013_mito;16;5005;5000;688;701.179;1648.58;1;assigned;1[688 px]
P4_S_HD_fibro_013_mito;17;5006;5000;3106;613.825;1692.184;1;assigned;1[3106 px]
P4_S_HD_fibro_013_mito;18;5007;5000;7182;706.446;1764.898;1;assigned;1[7182 px]
P4_S_HD_fibro_013_mito;19;8001;8000;1964;1260.207;833.474;2;assigned;2[1964 px]
P4_S_HD_fibro_013_mito;20;8002;8000;1741;1364.605;956.04;2;assigned;2[1741 px]
P4_S_HD_fibro_013_mito;21;8003;8000;1088;1417.318;1022.283;2;assigned;2[1088 px]
P4_S_HD_fibro_013_mito;22;8004;8000;1942;1421.589;1072.565;2;assigned;2[1942 px]
P4_S_HD_fibro_013_mito;23;8005;8000;2906;643.409;1912.249;1;assigned;1[2906 px]
P4_S_HD_fibro_013_mito;24;8006;8000;1672;851.642;1909.352;1;assigned;1[1672 px]
P4_S_HD_fibro_013_mito;25;8007;8000;1128;877.841;1994.727;1;assigned;1[1128 px]
P4_S_HD_fibro_013_mito;26;8008;8000;1407;638.942;2003.529;1;assigned;1[1407 px]
P4_S_HD_fibro_013_mito;27;8009;8000;2275;890.953;2096.391;1;assigned;1[2275 px]
P4_S_HD_fibro_013_mito;28;8010;8000;5244;700.785;2164.551;1;assigned;1[5244 px]
P4_S_HD_fibro_013_mito;29;8011;8000;1883;882.813;2161.237;1;assigned;1[1883 px]
P4_S_HD_fibro_013_mito;30;8012;8000;1924;861.832;2221.062;1;assigned;1[1924 px]
P4_S_HD_fibro_013_mito;31;8013;8000;4212;780.783;2251.425;1;assigned;1[4212 px]
P4_S_HD_fibro_013_mito;32;11001;11000;237;1048.021;846.734;2;assigned;2[237 px]
P4_S_HD_fibro_013_mito;33;11002;11000;1643;1362.185;1025.199;2;assigned;2[1643 px]
P4_S_HD_fibro_013_mito;34;11003;11000;702;604.858;1548.487;1;assigned;1[702 px]
P4_S_HD_fibro_013_mito;35;11004;11000;1292;654.772;1620.24;1;assigned;1[1292 px]
P4_S_HD_fibro_013_mito;36;11005;11000;2070;579.75;1634.761;1;assigned;1[2070 px]
P4_S_HD_fibro_013_mito;37;11006;11000;1417;784.205;1815.262;1;assigned;1[1417 px]
P4_S_HD_fibro_014_mito;1;2001;2000;2784;1000.617;314.631;7;assigned;7[2784 px]
P4_S_HD_fibro_014_mito;2;2002;2000;2100;683.262;421.286;4;assigned;4[2100 px]
P4_S_HD_fibro_014_mito;3;2003;2000;1969;878.428;511.339;7;assigned;7[1969 px]
P4_S_HD_fibro_014_mito;4;2004;2000;1560;1496.827;878.358;10;assigned;10[1560 px]
P4_S_HD_fibro_014_mito;5;4001;4000;1518;894.393;291.992;7;assigned;7[1518 px]
P4_S_HD_fibro_014_mito;6;4002;4000;999;841.701;433.253;7;assigned;7[999 px]
P4_S_HD_fibro_014_mito;7;4003;4000;165;895.83;462.242;7;assigned;7[165 px]
P4_S_HD_fibro_014_mito;8;4004;4000;1356;345.577;560.564;2;assigned;2[1356 px]
P4_S_HD_fibro_014_mito;9;4005;4000;223;1303.022;540.933;11;assigned;11[223 px]
P4_S_HD_fibro_014_mito;10;4006;4000;1619;993.738;559.716;7;assigned;7[1619 px]
P4_S_HD_fibro_014_mito;11;4007;4000;1913;845.145;598.283;7;assigned;7[1913 px]
P4_S_HD_fibro_014_mito;12;4008;4000;694;519.465;617.814;2;assigned;2[694 px]
P4_S_HD_fibro_014_mito;13;4009;4000;2282;882.835;658.305;7;assigned;7[2282 px]
P4_S_HD_fibro_014_mito;14;4010;4000;1704;1096.038;730.577;6;assigned;6[1704 px]
P4_S_HD_fibro_014_mito;15;4011;4000;1515;1418.401;817.198;10;assigned;10[1515 px]
P4_S_HD_fibro_014_mito;16;4012;4000;2197;1267.672;1004.553;10;assigned;10[2197 px]
P4_S_HD_fibro_014_mito;17;4013;4000;2043;456.294;1105.955;1;assigned;1[2043 px]
P4_S_HD_fibro_014_mito;18;4014;4000;1715;694.664;1186.17;5;assigned;5[1715 px]
P4_S_HD_fibro_014_mito;19;4015;4000;1432;1371.926;1184.027;12;assigned;12[1432 px]
P4_S_HD_fibro_014_mito;20;4016;4000;1474;1652.296;1313.047;12;assigned;12[1474 px]
P4_S_HD_fibro_014_mito;21;4017;4000;1858;1590.462;1340.929;12;assigned;12[1858 px]
P4_S_HD_fibro_014_mito;22;4018;4000;2098;545.977;1458.419;5;assigned;5[2098 px]
P4_S_HD_fibro_014_mito;23;4019;4000;106;973.934;1531.075;8;assigned;8[106 px]
P4_S_HD_fibro_014_mito;24;4020;4000;595;984.057;1560.997;8;assigned;8[595 px]
P4_S_HD_fibro_014_mito;25;4021;4000;1326;1107.26;1672.262;9;assigned;9[1326 px]
P4_S_HD_fibro_014_mito;26;4022;4000;2024;1022.673;1686.916;9;assigned;9[2024 px]
P4_S_HD_fibro_014_mito;27;4023;4000;81;1036.432;1723.444;9;assigned;9[81 px]
P4_S_HD_fibro_014_mito;28;4024;4000;85;1036.388;1731.071;9;assigned;9[85 px]
P4_S_HD_fibro_014_mito;29;4025;4000;1498;965.595;1797.541;9;assigned;9[1498 px]
P4_S_HD_fibro_014_mito;30;4026;4000;1018;1025.738;1800.835;9;assigned;9[1018 px]
P4_S_HD_fibro_014_mito;31;5001;5000;4108;649.049;247.417;4;assigned;4[4108 px]
P4_S_HD_fibro_014_mito;32;5002;5000;2502;443.284;692.199;2;assigned;2[2502 px]
P4_S_HD_fibro_014_mito;33;5003;5000;7907;763.872;927.142;6;assigned;6[7907 px]
P4_S_HD_fibro_014_mito;34;5004;5000;1427;333.098;913.491;1;assigned;1[1427 px]
P4_S_HD_fibro_014_mito;35;5005;5000;171;307.24;967.246;1;assigned;1[171 px]
P4_S_HD_fibro_014_mito;36;5006;5000;4;270.25;986.0;1;assigned;1[4 px]
P4_S_HD_fibro_014_mito;37;5007;5000;20;265.55;1000.45;1;assigned;1[20 px]
P4_S_HD_fibro_014_mito;38;5008;5000;3366;1017.105;1043.682;5;assigned;5[3366 px]
P4_S_HD_fibro_014_mito;39;5009;5000;2242;808.044;1083.558;5;assigned;5[2242 px]
P4_S_HD_fibro_014_mito;40;5010;5000;3040;460.816;1556.974;3;assigned;3[3040 px]
P4_S_HD_fibro_014_mito;41;5011;5000;2768;1063.626;1682.465;9;assigned;9[2768 px]
P4_S_HD_fibro_014_mito;42;5012;5000;3;1044.0;1686.0;9;assigned;9[3 px]
P4_S_HD_fibro_014_mito;43;7001;7000;2441;1512.839;1326.855;12;assigned;12[2441 px]
P4_S_HD_fibro_014_mito;44;8001;8000;1148;788.955;272.757;4;assigned;4[1148 px]
P4_S_HD_fibro_014_mito;45;8002;8000;1499;802.028;316.276;4;assigned;4[1499 px]
P4_S_HD_fibro_014_mito;46;8003;8000;926;1078.817;410.261;7;assigned;7[926 px]
P4_S_HD_fibro_014_mito;47;8004;8000;728;447.407;487.617;2;assigned;2[728 px]
P4_S_HD_fibro_014_mito;48;8005;8000;790;1546.719;496.852;11;assigned;11[790 px]
P4_S_HD_fibro_014_mito;49;8006;8000;338;1309.041;503.145;11;assigned;11[338 px]
P4_S_HD_fibro_014_mito;50;8007;8000;3601;958.82;709.192;6;assigned;6[3601 px]
P4_S_HD_fibro_014_mito;51;8008;8000;706;1111.46;828.535;6;assigned;6[706 px]
P4_S_HD_fibro_014_mito;52;8009;8000;1574;934.252;936.911;6;assigned;6[1574 px]
P4_S_HD_fibro_014_mito;53;8010;8000;1487;1541.308;977.171;10;assigned;10[1487 px]
P4_S_HD_fibro_014_mito;54;8011;8000;334;549.177;970.548;1;assigned;1[334 px]
P4_S_HD_fibro_014_mito;55;8012;8000;1006;802.25;998.517;6;assigned;6[1006 px]
P4_S_HD_fibro_014_mito;56;8013;8000;1072;525.935;1042.281;1;assigned;1[1072 px]
P4_S_HD_fibro_014_mito;57;8014;8000;1608;693.82;1047.499;6;assigned;6[1608 px]
P4_S_HD_fibro_014_mito;58;8015;8000;1241;1701.204;1184.189;12;assigned;12[1241 px]
P4_S_HD_fibro_014_mito;59;8016;8000;988;1344.633;1241.374;12;assigned;12[988 px]
P4_S_HD_fibro_014_mito;60;8017;8000;5;1330.2;1256.6;12;assigned;12[5 px]
P4_S_HD_fibro_014_mito;61;8018;8000;1223;515.7;1290.795;5;assigned;5[1223 px]
P4_S_HD_fibro_014_mito;62;8019;8000;979;1365.857;1283.915;12;assigned;12[979 px]
P4_S_HD_fibro_014_mito;63;8020;8000;22;859.364;1275.0;5;assigned;5[22 px]
P4_S_HD_fibro_014_mito;64;8021;8000;461;512.831;1370.692;5;assigned;5[461 px]
P4_S_HD_fibro_014_mito;65;8022;8000;857;464.019;1397.646;5;assigned;5[857 px]
P4_S_HD_fibro_014_mito;66;8023;8000;2156;973.313;1735.986;9;assigned;9[2156 px]
P4_S_HD_fibro_014_mito;67;10001;10000;4452;550.317;326.271;4;assigned;4[4452 px]
P4_S_HD_fibro_014_mito;68;10002;10000;1567;376.174;495.375;2;assigned;2[1567 px]
P4_S_HD_fibro_014_mito;69;10003;10000;4363;472.261;555.631;2;assigned;2[4363 px]
P4_S_HD_fibro_014_mito;70;11001;11000;394;990.812;1506.061;8;assigned;8[394 px]
P4_S_HD_fibro_014_mito;71;11002;11000;128;955.852;1528.336;8;assigned;8[128 px]
P4_S_HD_fibro_014_mito;72;11003;11000;431;925.582;1540.879;8;assigned;8[431 px]
P4_S_HD_fibro_015_mito;1;3001;3000;5421;65.929;1235.157;1;assigned;1[5421 px]
P4_S_HD_fibro_015_mito;2;3002;3000;96;262.344;1184.281;1;assigned;1[96 px]
P4_S_HD_fibro_015_mito;3;3003;3000;99;244.414;1325.616;1;assigned;1[99 px]
P4_S_HD_fibro_015_mito;4;3004;3000;6;265.5;1333.0;1;assigned;1[6 px]
P4_S_HD_fibro_015_mito;5;3005;3000;45;266.689;1341.844;1;assigned;1[45 px]
P4_S_HD_fibro_015_mito;6;3006;3000;7210;384.378;1388.124;1;assigned;1[7210 px]
P4_S_HD_fibro_015_mito;7;4001;4000;6358;196.001;993.658;1;assigned;1[6358 px]
P4_S_HD_fibro_015_mito;8;4002;4000;4440;349.905;1639.193;1;assigned;1[4440 px]
P4_S_HD_fibro_015_mito;9;8001;8000;7289;357.538;840.886;1;assigned;1[7289 px]
P4_S_HD_fibro_015_mito;10;8002;8000;11007;299.263;917.828;1;assigned;1[11007 px]
P4_S_HD_fibro_015_mito;11;8003;8000;3054;505.367;956.192;1;assigned;1[3054 px]
P4_S_HD_fibro_015_mito;12;8004;8000;7634;509.896;1046.339;1;assigned;1[7634 px]
P4_S_HD_fibro_015_mito;13;8005;8000;2;538.5;1128.0;1;assigned;1[2 px]
P4_S_HD_fibro_015_mito;14;8006;8000;10164;500.064;1200.374;1;assigned;1[10164 px]
P4_S_HD_fibro_015_mito;15;8007;8000;7963;433.092;1308.054;1;assigned;1[7963 px]
P4_S_HD_fibro_015_mito;16;8008;8000;211;446.896;1376.739;1;assigned;1[211 px]
P4_S_HD_fibro_015_mito;17;8009;8000;192;422.776;1444.312;1;assigned;1[192 px]
P4_S_HD_fibro_015_mito;18;8010;8000;3;418.0;1452.0;1;assigned;1[3 px]
P4_S_HD_fibro_015_mito;19;8011;8000;7736;373.979;1505.91;1;assigned;1[7736 px]
P4_S_HD_fibro_016_mito;1;4001;4000;959;790.198;1125.221;1;assigned;1[959 px]
P4_S_HD_fibro_016_mito;2;4002;4000;2706;868.342;1362.044;1;assigned;1[2706 px]
P4_S_HD_fibro_016_mito;3;4003;4000;2417;861.839;1421.103;1;assigned;1[2417 px]
P4_S_HD_fibro_016_mito;4;4004;4000;2;892.5;1403.0;1;assigned;1[2 px]
P4_S_HD_fibro_016_mito;5;4005;4000;1143;846.288;1490.733;1;assigned;1[1143 px]
P4_S_HD_fibro_016_mito;6;4006;4000;1757;1261.729;1786.95;1;assigned;1[1757 px]
P4_S_HD_fibro_016_mito;7;4007;4000;1717;1030.088;1833.316;1;assigned;1[1717 px]
P4_S_HD_fibro_016_mito;8;4008;4000;1231;1331.977;1837.66;1;assigned;1[1231 px]
P4_S_HD_fibro_016_mito;9;4009;4000;43;1357.047;1843.698;1;assigned;1[43 px]
P4_S_HD_fibro_016_mito;10;8001;8000;3402;674.235;1126.126;1;assigned;1[3402 px]
P4_S_HD_fibro_016_mito;11;8002;8000;2241;593.953;1203.009;1;assigned;1[2241 px]
P4_S_HD_fibro_016_mito;12;8003;8000;1062;606.672;1304.983;1;assigned;1[1062 px]
P4_S_HD_fibro_016_mito;13;8004;8000;1336;671.125;1384.415;1;assigned;1[1336 px]
P4_S_HD_fibro_016_mito;14;8005;8000;3121;764.586;1455.482;1;assigned;1[3121 px]
P4_S_HD_fibro_016_mito;15;8006;8000;1043;874.937;1629.736;1;assigned;1[1043 px]
P4_S_HD_fibro_016_mito;16;8007;8000;963;921.498;1715.622;1;assigned;1[963 px]
P4_S_HD_fibro_016_mito;17;8008;8000;1676;953.236;1766.27;1;assigned;1[1676 px]
P4_S_HD_fibro_016_mito;18;8009;8000;1116;1388.404;1790.775;2;assigned;2[1116 px]
P4_S_HD_fibro_016_mito;19;8010;8000;917;1294.834;1807.95;1;assigned;1[917 px]
P4_S_HD_fibro_016_mito;20;8011;8000;529;1297.435;1926.308;1;assigned;1[529 px]
P4_S_HD_fibro_016_mito;21;9001;9000;1770;1326.007;1761.819;2;assigned;2[1770 px]
P4_S_HD_fibro_016_mito;22;9002;9000;7;1336.0;1741.571;2;assigned;2[7 px]
P4_S_HD_fibro_016_mito;23;11001;11000;920;767.646;1221.712;1;assigned;1[920 px]
P4_S_HD_fibro_016_mito;24;11002;11000;17;851.882;1450.941;1;assigned;1[17 px]
P4_S_HD_fibro_016_mito;25;11003;11000;602;869.668;1459.13;1;assigned;1[602 px]
P4_S_HD_fibro_016_mito;26;11004;11000;871;852.261;1587.255;1;assigned;1[871 px]
P4_S_HD_fibro_016_mito;27;11005;11000;947;900.233;1587.005;1;assigned;1[947 px]
P4_S_HD_fibro_016_mito;28;11006;11000;1406;935.385;1615.998;1;assigned;1[1406 px]
P4_S_HD_fibro_017_mito;1;2001;2000;1906;1646.049;168.005;6;assigned;6[1906 px]
P4_S_HD_fibro_017_mito;2;2002;2000;237;900.662;715.426;2;assigned;2[237 px]
P4_S_HD_fibro_017_mito;3;2003;2000;766;902.411;735.927;2;assigned;2[766 px]
P4_S_HD_fibro_017_mito;4;2004;2000;1164;995.076;830.737;2;assigned;2[1164 px]
P4_S_HD_fibro_017_mito;5;2005;2000;2415;675.248;861.619;1;assigned;1[2415 px]
P4_S_HD_fibro_017_mito;6;2006;2000;1480;1464.088;1238.982;4;assigned;4[1480 px]
P4_S_HD_fibro_017_mito;7;2007;2000;1380;990.621;1624.686;3;assigned;3[1380 px]
P4_S_HD_fibro_017_mito;8;2008;2000;1015;1141.591;1849.236;3;assigned;3[1015 px]
P4_S_HD_fibro_017_mito;9;4001;4000;1946;1697.59;161.411;6;assigned;6[1946 px]
P4_S_HD_fibro_017_mito;10;4002;4000;1981;1625.032;238.351;6;assigned;6[1981 px]
P4_S_HD_fibro_017_mito;11;4003;4000;2415;557.137;608.827;2;assigned;2[2415 px]
P4_S_HD_fibro_017_mito;12;4004;4000;2737;654.839;633.475;2;assigned;2[2737 px]
P4_S_HD_fibro_017_mito;13;4005;4000;1998;714.117;641.497;2;assigned;2[1998 px]
P4_S_HD_fibro_017_mito;14;4006;4000;1963;833.32;708.822;2;assigned;2[1963 px]
P4_S_HD_fibro_017_mito;15;4007;4000;138;881.804;688.906;2;assigned;2[138 px]
P4_S_HD_fibro_017_mito;16;4008;4000;369;882.981;706.198;2;assigned;2[369 px]
P4_S_HD_fibro_017_mito;17;4009;4000;2787;500.456;797.901;1;assigned;1[2787 px]
P4_S_HD_fibro_017_mito;18;4010;4000;24;964.625;786.583;2;assigned;2[24 px]
P4_S_HD_fibro_017_mito;19;4011;4000;1277;958.717;813.906;2;assigned;2[1277 px]
P4_S_HD_fibro_017_mito;20;4012;4000;2098;631.671;864.916;1;assigned;1[2098 px]
P4_S_HD_fibro_017_mito;21;4013;4000;2019;188.243;862.226;1;assigned;1[2019 px]
P4_S_HD_fibro_017_mito;22;4014;4000;1033;247.656;850.597;1;assigned;1[1033 px]
P4_S_HD_fibro_017_mito;23;4015;4000;1335;398.055;871.038;1;assigned;1[1335 px]
P4_S_HD_fibro_017_mito;24;4016;4000;1912;367.073;878.618;1;assigned;1[1912 px]
P4_S_HD_fibro_017_mito;25;4017;4000;412;272.252;873.888;1;assigned;1[412 px]
P4_S_HD_fibro_017_mito;26;4018;4000;4;244.75;880.25;1;assigned;1[4 px]
P4_S_HD_fibro_017_mito;27;4019;4000;35;1128.229;1029.171;2;assigned;2[35 px]
P4_S_HD_fibro_017_mito;28;4020;4000;2;1132.0;1028.5;2;assigned;2[2 px]
P4_S_HD_fibro_017_mito;29;4021;4000;1922;1055.322;1067.656;2;assigned;2[1922 px]
P4_S_HD_fibro_017_mito;30;4022;4000;2513;911.758;1574.909;3;assigned;3[2513 px]
P4_S_HD_fibro_017_mito;31;4023;4000;1438;905.004;1622.862;3;assigned;3[1438 px]
P4_S_HD_fibro_017_mito;32;4024;4000;1;900.0;1599.0;3;assigned;3[1 px]
P4_S_HD_fibro_017_mito;33;4025;4000;1805;999.592;1719.762;3;assigned;3[1805 px]
P4_S_HD_fibro_017_mito;34;4026;4000;4580;995.246;1790.322;3;assigned;3[4580 px]
P4_S_HD_fibro_017_mito;35;4027;4000;1237;1082.771;1871.212;3;assigned;3[1237 px]
P4_S_HD_fibro_017_mito;36;5001;5000;3105;757.164;640.289;2;assigned;2[3105 px]
P4_S_HD_fibro_017_mito;37;5002;5000;2864;807.993;673.81;2;assigned;2[2864 px]
P4_S_HD_fibro_017_mito;38;5003;5000;2779;1541.709;1120.72;4;assigned;4[2779 px]
P4_S_HD_fibro_017_mito;39;8001;8000;1092;1682.433;317.986;6;assigned;6[1092 px]
P4_S_HD_fibro_017_mito;40;8002;8000;1749;933.946;784.424;2;assigned;2[1749 px]
P4_S_HD_fibro_017_mito;41;8003;8000;1251;507.701;858.783;1;assigned;1[1251 px]
P4_S_HD_fibro_017_mito;42;8004;8000;879;431.549;874.076;1;assigned;1[879 px]
P4_S_HD_fibro_017_mito;43;8005;8000;182;1664.209;866.137;5;assigned;5[182 px]
P4_S_HD_fibro_017_mito;44;8006;8000;42;1687.619;867.5;5;assigned;5[42 px]
P4_S_HD_fibro_017_mito;45;8007;8000;1338;717.122;915.053;1;assigned;1[1338 px]
P4_S_HD_fibro_017_mito;46;8008;8000;1540;1079.621;940.091;2;assigned;2[1540 px]
P4_S_HD_fibro_017_mito;47;8009;8000;1574;1067.925;1123.623;2;assigned;2[1574 px]
P4_S_HD_fibro_017_mito;48;8010;8000;3524;1395.898;1191.649;4;assigned;4[3524 px]
P4_S_HD_fibro_017_mito;49;8011;8000;932;980.545;1657.271;3;assigned;3[932 px]
P4_S_HD_fibro_017_mito;50;8012;8000;1072;928.496;1702.768;3;assigned;3[1072 px]
P4_S_HD_fibro_017_mito;51;8013;8000;1456;927.277;1739.87;3;assigned;3[1456 px]
P4_S_HD_fibro_017_mito;52;11001;11000;1038;1027.947;874.159;2;assigned;2[1038 px]
P4_S_HD_fibro_017_mito;53;11002;11000;662;943.761;1668.586;3;assigned;3[662 px]
P4_S_HD_fibro_017_mito;54;11003;11000;175;912.0;1665.949;3;assigned;3[175 px]
P4_S_HD_fibro_018_mito;1;4001;4000;6583;1122.887;2174.51;2;assigned;2[6583 px]
P4_S_HD_fibro_018_mito;2;5001;5000;6446;1063.498;1854.887;2;assigned;2[6446 px]
P4_S_HD_fibro_018_mito;3;5002;5000;10613;1241.336;2014.633;2;assigned;2[10613 px]
P4_S_HD_fibro_018_mito;4;5003;5000;9052;969.844;2112.329;2;assigned;2[9052 px]
P4_S_HD_fibro_018_mito;5;6001;6000;13377;944.819;413.812;1;assigned;1[13377 px]
P4_S_HD_fibro_018_mito;6;6002;6000;13;870.077;481.154;1;assigned;1[13 px]
P4_S_HD_fibro_018_mito;7;8001;8000;1964;1271.351;2167.06;2;assigned;2[1964 px]
P4_S_HD_fibro_019_mito;1;2001;2000;2514;961.335;632.438;9;assigned;9[2514 px]
P4_S_HD_fibro_019_mito;2;2002;2000;1198;865.89;726.871;9;assigned;9[1198 px]
P4_S_HD_fibro_019_mito;3;2003;2000;168;765.833;1466.548;7;assigned;7[168 px]
P4_S_HD_fibro_019_mito;4;2004;2000;227;780.982;1469.106;7;assigned;7[227 px]
P4_S_HD_fibro_019_mito;5;2005;2000;5;783.0;1479.0;7;assigned;7[5 px]
P4_S_HD_fibro_019_mito;6;2006;2000;646;775.248;1489.014;7;assigned;7[646 px]
P4_S_HD_fibro_019_mito;7;3001;3000;476;699.54;792.361;6;assigned;6[476 px]
P4_S_HD_fibro_019_mito;8;3002;3000;1979;617.83;1144.051;5;assigned;5[1979 px]
P4_S_HD_fibro_019_mito;9;4001;4000;267;324.753;100.348;4;assigned;4[267 px]
P4_S_HD_fibro_019_mito;10;4002;4000;626;975.45;385.489;10;assigned;10[626 px]
P4_S_HD_fibro_019_mito;11;4003;4000;320;1016.797;377.712;10;assigned;10[320 px]
P4_S_HD_fibro_019_mito;12;4004;4000;287;993.575;393.554;10;assigned;10[287 px]
P4_S_HD_fibro_019_mito;13;4005;4000;242;948.537;424.711;10;assigned;10[242 px]
P4_S_HD_fibro_019_mito;14;4006;4000;348;987.109;432.741;10;assigned;10[348 px]
P4_S_HD_fibro_019_mito;15;4007;4000;1197;1647.457;621.53;11;assigned;11[1197 px]
P4_S_HD_fibro_019_mito;16;4008;4000;1040;1671.968;634.472;11;assigned;11[1040 px]
P4_S_HD_fibro_019_mito;17;4009;4000;2;1667.0;626.5;11;assigned;11[2 px]
P4_S_HD_fibro_019_mito;18;4010;4000;385;1721.301;647.086;11;assigned;11[385 px]
P4_S_HD_fibro_019_mito;19;4011;4000;1063;1154.285;697.227;9;assigned;9[1063 px]
P4_S_HD_fibro_019_mito;20;4012;4000;1563;833.193;723.775;9;assigned;9[1563 px]
P4_S_HD_fibro_019_mito;21;4013;4000;2105;1086.139;762.346;9;assigned;9[2105 px]
P4_S_HD_fibro_019_mito;22;4014;4000;473;821.592;747.541;9;assigned;9[473 px]
P4_S_HD_fibro_019_mito;23;4015;4000;1;820.0;731.0;9;assigned;9[1 px]
P4_S_HD_fibro_019_mito;24;4016;4000;3;824.0;738.0;9;assigned;9[3 px]
P4_S_HD_fibro_019_mito;25;4017;4000;5;832.4;754.2;9;assigned;9[5 px]
P4_S_HD_fibro_019_mito;26;4018;4000;4;582.25;830.75;6;assigned;6[4 px]
P4_S_HD_fibro_019_mito;27;4019;4000;500;570.58;849.338;6;assigned;6[500 px]
P4_S_HD_fibro_019_mito;28;4020;4000;3;588.333;830.667;6;assigned;6[3 px]
P4_S_HD_fibro_019_mito;29;4021;4000;9;577.556;834.444;6;assigned;6[9 px]
P4_S_HD_fibro_019_mito;30;4022;4000;80;641.95;857.2;6;assigned;6[80 px]
P4_S_HD_fibro_019_mito;31;4023;4000;987;665.482;871.727;6;assigned;6[987 px]
P4_S_HD_fibro_019_mito;32;4024;4000;264;691.439;877.314;6;assigned;6[264 px]
P4_S_HD_fibro_019_mito;33;4025;4000;1;639.0;872.0;6;assigned;6[1 px]
P4_S_HD_fibro_019_mito;34;4026;4000;923;642.294;890.207;6;assigned;6[923 px]
P4_S_HD_fibro_019_mito;35;4027;4000;607;1763.451;958.871;11;assigned;11[607 px]
P4_S_HD_fibro_019_mito;36;4028;4000;2446;1675.054;975.71;11;assigned;11[2446 px]
P4_S_HD_fibro_019_mito;37;4029;4000;1336;1655.893;1017.139;11;assigned;11[1336 px]
P4_S_HD_fibro_019_mito;38;4030;4000;1470;817.127;1050.303;8;assigned;8[1470 px]
P4_S_HD_fibro_019_mito;39;4031;4000;628;551.22;1147.293;5;assigned;5[628 px]
P4_S_HD_fibro_019_mito;40;4032;4000;621;647.3;1213.362;5;assigned;5[621 px]
P4_S_HD_fibro_019_mito;41;4033;4000;976;537.837;1231.868;5;assigned;5[976 px]
P4_S_HD_fibro_019_mito;42;4034;4000;1826;173.085;1425.673;3;assigned;3[1826 px]
P4_S_HD_fibro_019_mito;43;4035;4000;812;289.541;1433.507;3;assigned;3[812 px]
P4_S_HD_fibro_019_mito;44;4036;4000;568;770.067;1442.713;7;assigned;7[568 px]
P4_S_HD_fibro_019_mito;45;4037;4000;1575;121.372;1489.67;3;assigned;3[1575 px]
P4_S_HD_fibro_019_mito;46;4038;4000;1810;314.24;1550.096;3;assigned;3[1810 px]
P4_S_HD_fibro_019_mito;47;4039;4000;1859;78.889;1737.039;2;assigned;2[1859 px]
P4_S_HD_fibro_019_mito;48;5001;5000;569;521.083;141.121;4;assigned;4[569 px]
P4_S_HD_fibro_019_mito;49;5002;5000;442;940.127;398.244;10;assigned;10[442 px]
P4_S_HD_fibro_019_mito;50;5003;5000;287;928.038;405.976;10;assigned;10[287 px]
P4_S_HD_fibro_019_mito;51;5004;5000;2587;1127.121;758.732;9;assigned;9[2587 px]
P4_S_HD_fibro_019_mito;52;5005;5000;3;1116.333;736.333;9;assigned;9[3 px]
P4_S_HD_fibro_019_mito;53;5006;5000;3;1112.333;740.333;9;assigned;9[3 px]
P4_S_HD_fibro_019_mito;54;5007;5000;1;1080.0;788.0;9;assigned;9[1 px]
P4_S_HD_fibro_019_mito;55;5008;5000;7;1072.429;813.286;9;assigned;9[7 px]
P4_S_HD_fibro_019_mito;56;5009;5000;3654;1713.023;872.344;11;assigned;11[3654 px]
P4_S_HD_fibro_019_mito;57;5010;5000;1588;826.177;983.199;8;assigned;8[1588 px]
P4_S_HD_fibro_019_mito;58;5011;5000;2406;273.703;1596.017;3;assigned;3[2406 px]
P4_S_HD_fibro_019_mito;59;8001;8000;2415;1593.012;769.38;11;assigned;11[2415 px]
P4_S_HD_fibro_019_mito;60;8002;8000;558;1029.59;785.918;9;assigned;9[558 px]
P4_S_HD_fibro_019_mito;61;8003;8000;924;1751.166;1013.518;11;assigned;11[924 px]
P4_S_HD_fibro_019_mito;62;8004;8000;151;751.49;1331.974;7;assigned;7[151 px]
P4_S_HD_fibro_019_mito;63;8005;8000;789;731.632;1345.54;7;assigned;7[789 px]
P4_S_HD_fibro_019_mito;64;8006;8000;8;750.125;1340.875;7;assigned;7[8 px]
P4_S_HD_fibro_019_mito;65;8007;8000;3;766.333;1340.667;7;assigned;7[3 px]
P4_S_HD_fibro_019_mito;66;8008;8000;534;740.39;1385.272;7;assigned;7[534 px]
P4_S_HD_fibro_019_mito;67;8009;8000;593;240.914;1396.87;3;assigned;3[593 px]
P4_S_HD_fibro_019_mito;68;8010;8000;523;930.258;1528.134;7;assigned;7[523 px]
P4_S_HD_fibro_019_mito;69;8011;8000;491;109.656;1535.012;3;assigned;3[491 px]
P4_S_HD_fibro_019_mito;70;8012;8000;35;875.114;1551.286;7;assigned;7[35 px]
P4_S_HD_fibro_019_mito;71;8013;8000;10;109.2;1549.7;3;assigned;3[10 px]
P4_S_HD_fibro_019_mito;72;8014;8000;851;862.653;1573.562;7;assigned;7[851 px]
P4_S_HD_fibro_019_mito;73;8015;8000;100;122.18;1634.46;2;assigned;2[100 px]
P5_Sp_HD_fibro_012_mito;1;2001;2000;442;1370.441;854.706;10;assigned;10[442 px]
P5_Sp_HD_fibro_012_mito;2;2002;2000;225;757.644;2161.756;4;assigned;4[225 px]
P5_Sp_HD_fibro_012_mito;3;3001;3000;968;1146.974;994.133;9;assigned;9[968 px]
P5_Sp_HD_fibro_012_mito;4;3002;3000;1178;1285.143;1083.234;9;assigned;9[1178 px]
P5_Sp_HD_fibro_012_mito;5;3003;3000;1192;1374.347;1156.076;9;assigned;9[1192 px]
P5_Sp_HD_fibro_012_mito;6;3004;3000;926;1121.202;1335.904;8;assigned;8[926 px]
P5_Sp_HD_fibro_012_mito;7;3005;3000;1808;798.799;1789.391;5;assigned;5[1808 px]
P5_Sp_HD_fibro_012_mito;8;4001;4000;63;917.587;864.508;9;assigned;9[63 px]
P5_Sp_HD_fibro_012_mito;9;4002;4000;269;1537.591;941.751;10;assigned;10[269 px]
P5_Sp_HD_fibro_012_mito;10;4003;4000;98;1546.296;975.214;10;assigned;10[98 px]
P5_Sp_HD_fibro_012_mito;11;4004;4000;197;1736.827;1350.34;9;assigned;9[197 px]
P5_Sp_HD_fibro_012_mito;12;4005;4000;458;691.603;2081.557;4;assigned;4[458 px]
P5_Sp_HD_fibro_012_mito;13;4006;4000;294;822.898;2244.231;4;assigned;4[294 px]
P5_Sp_HD_fibro_012_mito;14;5001;5000;1102;970.775;282.648;7;assigned;7[1102 px]
P5_Sp_HD_fibro_012_mito;15;5002;5000;652;1158.681;551.377;7;assigned;7[652 px]
P5_Sp_HD_fibro_012_mito;16;5003;5000;1432;1321.093;752.822;10;assigned;10[1432 px]
P5_Sp_HD_fibro_012_mito;17;5004;5000;1642;1354.936;781.315;10;assigned;10[1642 px]
P5_Sp_HD_fibro_012_mito;18;5005;5000;1948;1434.013;848.985;10;assigned;10[1948 px]
P5_Sp_HD_fibro_012_mito;19;5006;5000;3163;1503.598;900.989;10;assigned;10[3163 px]
P5_Sp_HD_fibro_012_mito;20;5007;5000;289;961.201;855.699;9;assigned;9[289 px]
P5_Sp_HD_fibro_012_mito;21;5008;5000;92;966.326;891.913;9;assigned;9[92 px]
P5_Sp_HD_fibro_012_mito;22;5009;5000;62;1065.0;900.177;9;assigned;9[62 px]
P5_Sp_HD_fibro_012_mito;23;5010;5000;5;1050.2;919.2;9;assigned;9[5 px]
P5_Sp_HD_fibro_012_mito;24;5011;5000;2343;1648.283;1004.047;10;assigned;10[2343 px]
P5_Sp_HD_fibro_012_mito;25;5012;5000;1015;1754.065;1011.038;10;assigned;10[1015 px]
P5_Sp_HD_fibro_012_mito;26;5013;5000;1187;1217.992;1039.623;9;assigned;9[1187 px]
P5_Sp_HD_fibro_012_mito;27;5014;5000;347;1453.778;1203.311;9;assigned;9[347 px]
P5_Sp_HD_fibro_012_mito;28;5015;5000;730;1500.686;1230.226;9;assigned;9[730 px]
P5_Sp_HD_fibro_012_mito;29;5016;5000;767;1642.257;1279.241;9;assigned;9[767 px]
P5_Sp_HD_fibro_012_mito;30;5017;5000;839;1069.07;1276.908;8;assigned;8[839 px]
P5_Sp_HD_fibro_012_mito;31;5018;5000;1140;1713.507;1311.603;9;assigned;9[1140 px]
P5_Sp_HD_fibro_012_mito;32;5019;5000;932;1724.607;1439.046;11;assigned;11[932 px]
P5_Sp_HD_fibro_012_mito;33;5020;5000;357;1224.955;1431.241;8;assigned;8[357 px]
P5_Sp_HD_fibro_012_mito;34;5021;5000;749;464.78;1550.252;3;assigned;3[749 px]
P5_Sp_HD_fibro_012_mito;35;5022;5000;992;32.091;1606.894;1;assigned;1[992 px]
P5_Sp_HD_fibro_012_mito;36;5023;5000;263;361.548;1709.076;2;assigned;2[263 px]
P5_Sp_HD_fibro_012_mito;37;5024;5000;475;344.402;1727.023;2;assigned;2[475 px]
P5_Sp_HD_fibro_012_mito;38;5025;5000;1325;416.226;1748.447;2;assigned;2[1325 px]
P5_Sp_HD_fibro_012_mito;39;5026;5000;1717;439.648;1785.196;2;assigned;2[1717 px]
P5_Sp_HD_fibro_012_mito;40;5027;5000;45;363.156;1738.689;2;assigned;2[45 px]
P5_Sp_HD_fibro_012_mito;41;5028;5000;2;432.0;1748.5;2;assigned;2[2 px]
P5_Sp_HD_fibro_012_mito;42;5029;5000;1479;896.665;1857.5;5;assigned;5[1479 px]
P5_Sp_HD_fibro_012_mito;43;5030;5000;457;520.943;1870.44;2;assigned;2[457 px]
P5_Sp_HD_fibro_012_mito;44;5031;5000;701;736.678;2107.509;4;assigned;4[701 px]
P5_Sp_HD_fibro_012_mito;45;5032;5000;1208;821.922;2194.337;4;assigned;4[1208 px]
P5_Sp_HD_fibro_012_mito;46;6001;6000;350;1118.531;415.789;7;assigned;7[350 px]
P5_Sp_HD_fibro_012_mito;47;6002;6000;3248;1114.043;477.331;7;assigned;7[3248 px]
P5_Sp_HD_fibro_012_mito;48;6003;6000;3483;1595.808;953.893;10;assigned;10[3483 px]
P5_Sp_HD_fibro_012_mito;49;8001;8000;31;1070.355;322.871;7;assigned;7[31 px]
P5_Sp_HD_fibro_012_mito;50;8002;8000;91;1117.451;924.703;9;assigned;9[91 px]
P5_Sp_HD_fibro_012_mito;51;8003;8000;353;1466.915;943.72;10;assigned;10[353 px]
P5_Sp_HD_fibro_012_mito;52;8004;8000;9;1478.111;962.0;10;assigned;10[9 px]
P5_Sp_HD_fibro_012_mito;53;8005;8000;1;1475.0;965.0;10;assigned;10[1 px]
P5_Sp_HD_fibro_012_mito;54;8006;8000;198;1750.354;1309.03;9;assigned;9[198 px]
P5_Sp_HD_fibro_012_mito;55;8007;8000;164;1131.433;1391.732;8;assigned;8[164 px]
P5_Sp_HD_fibro_012_mito;56;8008;8000;88;1662.216;1431.75;11;assigned;11[88 px]
P5_Sp_HD_fibro_012_mito;57;8009;8000;490;1689.922;1442.067;11;assigned;11[490 px]
P5_Sp_HD_fibro_012_mito;58;8010;8000;282;406.457;1817.067;2;assigned;2[282 px]
P5_Sp_HD_fibro_012_mito;59;8011;8000;413;888.266;1945.646;6;assigned;6[413 px]
P5_Sp_HD_fibro_012_mito;60;8012;8000;6;601.833;1993.167;4;assigned;4[6 px]
P5_Sp_HD_fibro_012_mito;61;10001;10000;52;994.212;2043.808;6;assigned;6[52 px]
P5_Sp_HD_fibro_012_mito;62;10002;10000;2;1000.5;2046.0;6;assigned;6[2 px]
P5_Sp_HD_fibro_012_mito;63;10003;10000;224;985.964;2075.121;6;assigned;6[224 px]
P5_Sp_HD_fibro_013_mito;1;4001;4000;2786;1458.821;586.483;4;assigned;4[2786 px]
P5_Sp_HD_fibro_013_mito;2;4002;4000;6893;1580.773;683.561;4;assigned;4[6893 px]
P5_Sp_HD_fibro_013_mito;3;4003;4000;2428;1449.076;702.689;4;assigned;4[2428 px]
P5_Sp_HD_fibro_013_mito;4;4004;4000;389;398.761;778.208;1;assigned;1[389 px]
P5_Sp_HD_fibro_013_mito;5;4005;4000;3235;1130.599;1373.364;3;assigned;3[3235 px]
P5_Sp_HD_fibro_013_mito;6;4006;4000;25;1100.44;1418.8;3;assigned;3[25 px]
P5_Sp_HD_fibro_013_mito;7;4007;4000;2337;1360.217;1485.291;3;assigned;3[2337 px]
P5_Sp_HD_fibro_013_mito;8;4008;4000;5699;545.581;1728.91;2;assigned;2[5699 px]
P5_Sp_HD_fibro_013_mito;9;4009;4000;3526;290.567;1759.574;2;assigned;2[3526 px]
P5_Sp_HD_fibro_013_mito;10;4010;4000;33;952.485;1825.939;2;assigned;2[33 px]
P5_Sp_HD_fibro_013_mito;11;5001;5000;5237;1143.124;525.411;4;assigned;4[5237 px]
P5_Sp_HD_fibro_013_mito;12;5002;5000;6400;1361.586;637.435;4;assigned;4[6400 px]
P5_Sp_HD_fibro_013_mito;13;5003;5000;8324;1327.981;867.495;5;assigned;5[8324 px]
P5_Sp_HD_fibro_013_mito;14;5004;5000;6182;1282.986;1421.986;3;assigned;3[6182 px]
P5_Sp_HD_fibro_013_mito;15;5005;5000;9160;614.061;1802.83;2;assigned;2[9160 px]
P5_Sp_HD_fibro_013_mito;16;8001;8000;1854;769.567;1738.086;2;assigned;2[1854 px]
P5_Sp_HD_fibro_013_mito;17;8002;8000;1481;837.987;1746.234;2;assigned;2[1481 px]
P5_Sp_HD_fibro_013_mito;18;8003;8000;3226;904.004;1768.212;2;assigned;2[3226 px]
P5_Sp_HD_fibro_013_mito;19;8004;8000;3;804.333;1740.333;2;assigned;2[3 px]
P5_Sp_HD_fibro_013_mito;20;8005;8000;2013;690.102;1930.808;2;assigned;2[2013 px]
P5_Sp_HD_fibro_014_mito;1;3001;3000;3617;257.462;304.573;1;assigned;1[3617 px]
P5_Sp_HD_fibro_014_mito;2;3002;3000;5127;440.738;444.426;1;assigned;1[5127 px]
P5_Sp_HD_fibro_014_mito;3;3003;3000;4821;728.262;1599.907;2;assigned;2[4821 px]
P5_Sp_HD_fibro_014_mito;4;3004;3000;5232;916.685;1714.193;2;assigned;2[5232 px]
P5_Sp_HD_fibro_014_mito;5;3005;3000;4497;985.607;1753.88;2;assigned;2[4497 px]
P5_Sp_HD_fibro_014_mito;6;4001;4000;2242;668.64;631.033;1;assigned;1[2242 px]
P5_Sp_HD_fibro_014_mito;7;5001;5000;3813;360.114;394.664;1;assigned;1[3813 px]
P5_Sp_HD_fibro_014_mito;8;5002;5000;4633;521.574;460.315;1;assigned;1[4633 px]
P5_Sp_HD_fibro_014_mito;9;5003;5000;3743;657.956;555.109;1;assigned;1[3743 px]
P5_Sp_HD_fibro_014_mito;10;5004;5000;4440;759.816;721.806;1;assigned;1[4440 px]
P5_Sp_HD_fibro_014_mito;11;5005;5000;5810;803.176;1635.081;2;assigned;2[5810 px]
P5_Sp_HD_fibro_014_mito;12;5006;5000;3779;1033.349;1788.975;2;assigned;2[3779 px]
P5_Sp_HD_fibro_015_mito;1;3001;3000;404;623.829;767.156;5;assigned;5[404 px]
P5_Sp_HD_fibro_015_mito;2;3002;3000;569;552.062;789.38;5;assigned;5[569 px]
P5_Sp_HD_fibro_015_mito;3;3003;3000;133;568.789;800.85;5;assigned;5[133 px]
P5_Sp_HD_fibro_015_mito;4;3004;3000;183;585.995;812.508;5;assigned;5[183 px]
P5_Sp_HD_fibro_015_mito;5;3005;3000;923;770.39;1180.99;8;assigned;8[923 px]
P5_Sp_HD_fibro_015_mito;6;3006;3000;916;692.503;1191.103;8;assigned;8[916 px]
P5_Sp_HD_fibro_015_mito;7;3007;3000;794;622.222;1199.621;8;assigned;8[794 px]
P5_Sp_HD_fibro_015_mito;8;3008;3000;342;991.412;1268.491;8;assigned;8[342 px]
P5_Sp_HD_fibro_015_mito;9;3009;3000;259;1766.853;1292.274;13;assigned;13[259 px]
P5_Sp_HD_fibro_015_mito;10;3010;3000;893;1471.137;1316.55;8;assigned;8[893 px]
P5_Sp_HD_fibro_015_mito;11;3011;3000;1233;1373.577;1343.498;8;assigned;8[1233 px]
P5_Sp_HD_fibro_015_mito;12;3012;3000;578;1059.393;1319.751;8;assigned;8[578 px]
P5_Sp_HD_fibro_015_mito;13;3013;3000;1046;1273.187;1358.947;8;assigned;8[1046 px]
P5_Sp_HD_fibro_015_mito;14;3014;3000;911;1170.335;1360.732;8;assigned;8[911 px]
P5_Sp_HD_fibro_015_mito;15;3015;3000;987;211.866;1528.216;2;assigned;2[987 px]
P5_Sp_HD_fibro_015_mito;16;3016;3000;617;160.232;1531.587;2;assigned;2[617 px]
P5_Sp_HD_fibro_015_mito;17;3017;3000;473;60.628;1543.545;2;assigned;2[473 px]
P5_Sp_HD_fibro_015_mito;18;3018;3000;413;92.048;1542.47;2;assigned;2[413 px]
P5_Sp_HD_fibro_015_mito;19;3019;3000;80;1174.95;2003.925;10;assigned;10[80 px]
P5_Sp_HD_fibro_015_mito;20;3020;3000;397;1180.338;2032.516;10;assigned;10[397 px]
P5_Sp_HD_fibro_015_mito;21;3021;3000;3;1169.667;2013.667;10;assigned;10[3 px]
P5_Sp_HD_fibro_015_mito;22;3022;3000;326;1195.282;2039.862;10;assigned;10[326 px]
P5_Sp_HD_fibro_015_mito;23;3023;3000;374;1212.668;2046.548;10;assigned;10[374 px]
P5_Sp_HD_fibro_015_mito;24;3024;3000;56;1154.625;2038.214;10;assigned;10[56 px]
P5_Sp_HD_fibro_015_mito;25;4001;4000;1074;736.029;717.325;6;assigned;6[1074 px]
P5_Sp_HD_fibro_015_mito;26;4002;4000;173;619.145;815.954;5;assigned;5[173 px]
P5_Sp_HD_fibro_015_mito;27;4003;4000;429;825.751;1153.897;8;assigned;8[429 px]
P5_Sp_HD_fibro_015_mito;28;4004;4000;47;643.979;1211.149;8;assigned;8[47 px]
P5_Sp_HD_fibro_015_mito;29;4005;4000;226;1121.075;1382.619;8;assigned;8[226 px]
P5_Sp_HD_fibro_015_mito;30;4006;4000;368;1253.72;2042.168;10;assigned;10[368 px]
P5_Sp_HD_fibro_015_mito;31;4007;4000;194;1318.624;2085.402;10;assigned;10[194 px]
P5_Sp_HD_fibro_015_mito;32;5001;5000;151;190.901;303.298;1;assigned;1[151 px]
P5_Sp_HD_fibro_015_mito;33;5002;5000;5;190.0;348.0;1;assigned;1[5 px]
P5_Sp_HD_fibro_015_mito;34;5003;5000;488;410.348;720.52;3;assigned;3[488 px]
P5_Sp_HD_fibro_015_mito;35;5004;5000;969;527.666;746.279;5;assigned;5[969 px]
P5_Sp_HD_fibro_015_mito;36;5005;5000;1084;421.387;756.23;3;assigned;3[1084 px]
P5_Sp_HD_fibro_015_mito;37;5006;5000;389;527.129;770.298;5;assigned;5[389 px]
P5_Sp_HD_fibro_015_mito;38;5007;5000;5;557.2;770.6;5;assigned;5[5 px]
P5_Sp_HD_fibro_015_mito;39;5008;5000;600;660.263;1181.19;8;assigned;8[600 px]
P5_Sp_HD_fibro_015_mito;40;5009;5000;13;673.615;1227.615;8;assigned;8[13 px]
P5_Sp_HD_fibro_015_mito;41;5010;5000;881;1310.549;1353.459;8;assigned;8[881 px]
P5_Sp_HD_fibro_015_mito;42;5011;5000;508;1721.884;1365.612;13;assigned;13[508 px]
P5_Sp_HD_fibro_015_mito;43;5012;5000;845;1574.637;1864.284;12;assigned;12[845 px]
P5_Sp_HD_fibro_015_mito;44;5013;5000;1498;1434.753;1945.611;12;assigned;12[1498 px]
P5_Sp_HD_fibro_015_mito;45;5014;5000;551;1243.013;1991.69;11;assigned;11[551 px]
P5_Sp_HD_fibro_015_mito;46;5015;5000;293;1319.201;2020.113;11;assigned;11[293 px]
P5_Sp_HD_fibro_015_mito;47;5016;5000;106;1334.208;2020.226;11;assigned;11[106 px]
P5_Sp_HD_fibro_015_mito;48;5017;5000;774;1260.849;2073.925;10;assigned;10[774 px]
P5_Sp_HD_fibro_015_mito;49;5018;5000;716;1327.43;2109.916;10;assigned;10[716 px]
P5_Sp_HD_fibro_015_mito;50;8001;8000;115;628.878;1170.357;8;assigned;8[115 px]
P5_Sp_HD_fibro_015_mito;51;8002;8000;262;1018.408;1283.298;8;assigned;8[262 px]
P5_Sp_HD_fibro_015_mito;52;8003;8000;127;1082.874;1360.992;8;assigned;8[127 px]
P5_Sp_HD_fibro_015_mito;53;10001;10000;1607;565.68;1222.958;8;assigned;8[1607 px]
P5_Sp_HD_fibro_015_mito;54;10002;10000;3094;1479.99;1894.257;12;assigned;12[3094 px]
P5_Sp_HD_fibro_016_mito;1;3001;3000;587;1762.479;935.649;2;assigned;2[587 px]
P5_Sp_HD_fibro_016_mito;2;3002;3000;992;1715.496;952.973;2;assigned;2[992 px]
P5_Sp_HD_fibro_016_mito;3;3003;3000;1434;1626.218;981.162;2;assigned;2[1434 px]
P5_Sp_HD_fibro_016_mito;4;3004;3000;1426;1252.413;1055.546;2;assigned;2[1426 px]
P5_Sp_HD_fibro_016_mito;5;3005;3000;920;955.747;1736.978;1;assigned;1[920 px]
P5_Sp_HD_fibro_016_mito;6;3006;3000;1881;675.276;1841.081;1;assigned;1[1881 px]
P5_Sp_HD_fibro_016_mito;7;3007;3000;1614;187.366;2013.318;1;assigned;1[1614 px]
P5_Sp_HD_fibro_016_mito;8;3008;3000;2131;104.556;2051.344;1;assigned;1[2131 px]
P5_Sp_HD_fibro_016_mito;9;4001;4000;3;1738.0;1516.0;1;assigned;1[3 px]
P5_Sp_HD_fibro_016_mito;10;4002;4000;483;1732.259;1589.907;1;assigned;1[483 px]
P5_Sp_HD_fibro_016_mito;11;4003;4000;697;1469.795;1599.881;1;assigned;1[697 px]
P5_Sp_HD_fibro_016_mito;12;4004;4000;8;1232.375;1581.375;1;assigned;1[8 px]
P5_Sp_HD_fibro_016_mito;13;4005;4000;559;1236.689;1604.007;1;assigned;1[559 px]
P5_Sp_HD_fibro_016_mito;14;4006;4000;2;1232.0;1618.5;1;assigned;1[2 px]
P5_Sp_HD_fibro_016_mito;15;4007;4000;5;1469.2;1633.4;1;assigned;1[5 px]
P5_Sp_HD_fibro_016_mito;16;4008;4000;1104;904.693;1777.586;1;assigned;1[1104 px]
P5_Sp_HD_fibro_016_mito;17;5001;5000;755;1764.042;1530.877;1;assigned;1[755 px]
P5_Sp_HD_fibro_016_mito;18;5002;5000;949;1673.15;1567.107;1;assigned;1[949 px]
P5_Sp_HD_fibro_016_mito;19;5003;5000;1356;1549.583;1596.501;1;assigned;1[1356 px]
P5_Sp_HD_fibro_016_mito;20;5004;5000;1650;1446.225;1606.847;1;assigned;1[1650 px]
P5_Sp_HD_fibro_016_mito;21;5005;5000;1403;1247.634;1652.038;1;assigned;1[1403 px]
P5_Sp_HD_fibro_016_mito;22;5006;5000;944;1150.293;1692.229;1;assigned;1[944 px]
P5_Sp_HD_fibro_016_mito;23;5007;5000;432;1349.623;1667.977;1;assigned;1[432 px]
P5_Sp_HD_fibro_016_mito;24;5008;5000;638;1005.265;1722.705;1;assigned;1[638 px]
P5_Sp_HD_fibro_016_mito;25;5009;5000;2212;745.665;1806.792;1;assigned;1[2212 px]
P5_Sp_HD_fibro_016_mito;26;5010;5000;1691;602.905;1878.572;1;assigned;1[1691 px]
P5_Sp_HD_fibro_016_mito;27;5011;5000;482;458.369;1923.363;1;assigned;1[482 px]
P5_Sp_HD_fibro_016_mito;28;5012;5000;568;378.806;1942.496;1;assigned;1[568 px]
P5_Sp_HD_fibro_016_mito;29;5013;5000;1914;266.912;1977.865;1;assigned;1[1914 px]
P5_Sp_HD_fibro_016_mito;30;6001;6000;2809;831.362;1742.359;1;assigned;1[2809 px]
P5_Sp_HD_fibro_016_mito;31;8001;8000;402;1757.565;1590.721;1;assigned;1[402 px]
P5_Sp_HD_fibro_016_mito;32;8002;8000;409;1409.279;1650.362;1;assigned;1[409 px]
P5_Sp_HD_fibro_016_mito;33;8003;8000;88;1502.659;1644.898;1;assigned;1[88 px]
P5_Sp_HD_fibro_016_mito;34;8004;8000;618;892.867;1683.79;1;assigned;1[618 px]
P5_Sp_HD_fibro_016_mito;35;8005;8000;19;864.895;1684.0;1;assigned;1[19 px]
P5_Sp_HD_fibro_016_mito;36;10001;10000;6487;1333.173;1589.192;1;assigned;1[6487 px]
P5_Sp_HD_fibro_017_mito;1;3001;3000;2867;869.534;1710.447;1;assigned;1[2867 px]
P5_Sp_HD_fibro_017_mito;2;4001;4000;3277;1372.273;1291.017;1;assigned;1[3277 px]
P5_Sp_HD_fibro_017_mito;3;5001;5000;1899;1601.116;270.443;2;assigned;2[1899 px]
P5_Sp_HD_fibro_017_mito;4;5002;5000;264;1681.648;312.03;2;assigned;2[264 px]
P5_Sp_HD_fibro_017_mito;5;5003;5000;23231;1052.105;1500.06;1;assigned;1[23231 px]
P5_Sp_HD_fibro_017_mito;6;5004;5000;13507;1326.113;1553.762;1;assigned;1[13507 px]
P5_Sp_HD_fibro_017_mito;7;5005;5000;10659;944.254;1566.714;1;assigned;1[10659 px]
P5_Sp_HD_fibro_017_mito;8;8001;8000;2921;845.062;1616.294;1;assigned;1[2921 px]
P5_Sp_HD_fibro_017_mito;9;10001;10000;17915;1155.668;1247.66;1;assigned;1[17915 px]
P5_Sp_HD_fibro_017_mito;10;10002;10000;33;956.03;1256.576;1;assigned;1[33 px]
P5_Sp_HD_fibro_018_mito;1;5001;5000;814;1301.758;1003.717;6;assigned;6[814 px]
P5_Sp_HD_fibro_018_mito;2;5002;5000;1661;1289.816;1117.085;7;assigned;7[1661 px]
P5_Sp_HD_fibro_018_mito;3;5003;5000;442;1378.774;1105.394;7;assigned;7[442 px]
P5_Sp_HD_fibro_018_mito;4;5004;5000;457;1374.414;1168.031;7;assigned;7[457 px]
P5_Sp_HD_fibro_018_mito;5;5005;5000;210;1083.838;1572.095;4;assigned;4[210 px]
P5_Sp_HD_fibro_018_mito;6;5006;5000;48;1095.75;1591.5;4;assigned;4[48 px]
P5_Sp_HD_fibro_019_mito;1;3001;3000;1201;150.57;164.753;2;assigned;2[1201 px]
P5_Sp_HD_fibro_019_mito;2;3002;3000;287;618.92;242.976;3;assigned;3[287 px]
P5_Sp_HD_fibro_019_mito;3;3003;3000;733;600.563;292.813;3;assigned;3[733 px]
P5_Sp_HD_fibro_019_mito;4;3004;3000;351;569.276;288.217;3;assigned;3[351 px]
P5_Sp_HD_fibro_019_mito;5;3005;3000;1371;684.021;761.815;5;assigned;5[1371 px]
P5_Sp_HD_fibro_019_mito;6;3006;3000;2061;750.841;831.454;5;assigned;5[2061 px]
P5_Sp_HD_fibro_019_mito;7;3007;3000;1073;800.433;849.765;5;assigned;5[1073 px]
P5_Sp_HD_fibro_019_mito;8;3008;3000;2043;986.868;944.257;5;assigned;5[2043 px]
P5_Sp_HD_fibro_019_mito;9;3009;3000;1573;1020.745;958.732;5;assigned;5[1573 px]
P5_Sp_HD_fibro_019_mito;10;3010;3000;1436;956.975;1070.016;4;assigned;4[1436 px]
P5_Sp_HD_fibro_019_mito;11;3011;3000;205;1760.366;1227.127;6;assigned;6[205 px]
P5_Sp_HD_fibro_019_mito;12;3012;3000;173;1734.156;1273.977;6;assigned;6[173 px]
P5_Sp_HD_fibro_019_mito;13;4001;4000;939;208.177;163.445;2;assigned;2[939 px]
P5_Sp_HD_fibro_019_mito;14;4002;4000;10;190.3;157.4;2;assigned;2[10 px]
P5_Sp_HD_fibro_019_mito;15;5001;5000;1272;248.406;227.788;2;assigned;2[1272 px]
P5_Sp_HD_fibro_019_mito;16;5002;5000;174;524.96;277.27;3;assigned;3[174 px]
P5_Sp_HD_fibro_019_mito;17;5003;5000;120;545.108;281.908;3;assigned;3[120 px]
P5_Sp_HD_fibro_019_mito;18;5004;5000;1106;840.92;854.165;5;assigned;5[1106 px]
P5_Sp_HD_fibro_019_mito;19;5005;5000;1598;895.584;878.184;5;assigned;5[1598 px]
P5_Sp_HD_fibro_019_mito;20;5006;5000;1925;1052.857;977.181;5;assigned;5[1925 px]
P5_Sp_HD_fibro_019_mito;21;5007;5000;1222;1189.142;1046.457;5;assigned;5[1222 px]
P5_Sp_HD_fibro_019_mito;22;5008;5000;1341;910.323;1054.334;4;assigned;4[1341 px]
P5_Sp_HD_fibro_019_mito;23;5009;5000;2;938.5;1025.0;4;assigned;4[2 px]
P5_Sp_HD_fibro_019_mito;24;5010;5000;752;997.951;1078.875;4;assigned;4[752 px]
P5_Sp_HD_fibro_019_mito;25;5011;5000;25;1690.92;1177.32;6;assigned;6[25 px]
P5_Sp_HD_fibro_019_mito;26;5012;5000;481;140.667;1255.497;1;assigned;1[481 px]
P5_Sp_HD_fibro_019_mito;27;5013;5000;1;1645.0;1254.0;6;assigned;6[1 px]
P5_Sp_HD_fibro_019_mito;28;5014;5000;1470;135.507;1356.147;1;assigned;1[1470 px]
P5_Sp_HD_fibro_019_mito;29;6001;6000;4027;1131.755;1045.49;5;assigned;5[4027 px]
P5_Sp_HD_fibro_019_mito;30;8001;8000;283;894.233;971.18;5;assigned;5[283 px]
P5_Sp_HD_fibro_020_mito;1;2001;2000;2874;888.628;2237.011;2;assigned;2[2874 px]
P5_Sp_HD_fibro_020_mito;2;3001;3000;2214;934.141;763.041;2;assigned;2[2214 px]
P5_Sp_HD_fibro_020_mito;3;3002;3000;2557;894.724;1779.591;2;assigned;2[2557 px]
P5_Sp_HD_fibro_020_mito;4;4001;4000;2081;963.021;1446.781;2;assigned;2[2081 px]
P5_Sp_HD_fibro_020_mito;5;4002;4000;2;990.5;1419.0;2;assigned;2[2 px]
P5_Sp_HD_fibro_020_mito;6;4003;4000;111;946.559;1539.685;2;assigned;2[111 px]
P5_Sp_HD_fibro_020_mito;7;4004;4000;1888;922.576;1578.415;2;assigned;2[1888 px]
P5_Sp_HD_fibro_020_mito;8;4005;4000;611;873.735;2105.383;2;assigned;2[611 px]
P5_Sp_HD_fibro_020_mito;9;4006;4000;3;924.667;2105.333;2;assigned;2[3 px]
P5_Sp_HD_fibro_020_mito;10;5001;5000;7;976.857;768.714;2;assigned;2[7 px]
P5_Sp_HD_fibro_020_mito;11;5002;5000;2;968.5;772.0;2;assigned;2[2 px]
P5_Sp_HD_fibro_020_mito;12;5003;5000;4896;986.965;853.525;2;assigned;2[4896 px]
P5_Sp_HD_fibro_020_mito;13;5004;5000;2264;829.883;1098.58;1;assigned;1[2264 px]
P5_Sp_HD_fibro_020_mito;14;5005;5000;10;754.8;1127.7;1;assigned;1[10 px]
P5_Sp_HD_fibro_020_mito;15;5006;5000;7314;797.044;1203.27;1;assigned;1[7314 px]
P5_Sp_HD_fibro_020_mito;16;5007;5000;2080;981.95;1220.983;2;assigned;2[2080 px]
P5_Sp_HD_fibro_020_mito;17;5008;5000;507;946.136;1415.619;2;assigned;2[507 px]
P5_Sp_HD_fibro_020_mito;18;8001;8000;1393;943.823;1112.608;2;assigned;2[1393 px]
P5_Sp_HD_fibro_020_mito;19;8002;8000;1743;869.269;1689.959;2;assigned;2[1743 px]
P5_Sp_HD_fibro_020_mito;20;8003;8000;1106;858.014;2367.035;2;assigned;2[1106 px]
P5_Sp_HD_fibro_020_mito;21;10001;10000;264;909.178;1486.777;2;assigned;2[264 px]
P5_Sp_HD_fibro_020_mito;22;10002;10000;184;939.027;1532.761;2;assigned;2[184 px]
P5_Sp_HD_fibro_021_mito;1;2001;2000;365;1519.386;1776.534;7;assigned;7[365 px]
P5_Sp_HD_fibro_021_mito;2;3001;3000;1968;1143.566;2068.078;5;assigned;5[1968 px]
P5_Sp_HD_fibro_021_mito;3;4001;4000;992;1609.373;1779.096;7;assigned;7[992 px]
P5_Sp_HD_fibro_021_mito;4;4002;4000;32;1567.781;1814.0;7;assigned;7[32 px]
P5_Sp_HD_fibro_021_mito;5;4003;4000;487;1631.505;1851.727;7;assigned;7[487 px]
P5_Sp_HD_fibro_021_mito;6;4004;4000;451;1544.767;1845.528;7;assigned;7[451 px]
P5_Sp_HD_fibro_021_mito;7;5001;5000;523;1706.704;1545.962;10;assigned;10[523 px]
P5_Sp_HD_fibro_021_mito;8;5002;5000;703;1534.72;1638.9;8;assigned;8[703 px]
P5_Sp_HD_fibro_021_mito;9;5003;5000;2957;1383.496;1650.833;6;assigned;6[2957 px]
P5_Sp_HD_fibro_021_mito;10;5004;5000;504;1634.867;1657.226;8;assigned;8[504 px]
P5_Sp_HD_fibro_021_mito;11;5005;5000;1507;1448.959;1699.457;6;assigned;6[1507 px]
P5_Sp_HD_fibro_021_mito;12;5006;5000;187;971.631;1709.508;3;assigned;3[187 px]
P5_Sp_HD_fibro_021_mito;13;5007;5000;629;1650.335;1817.129;7;assigned;7[629 px]
P5_Sp_HD_fibro_021_mito;14;5008;5000;1;1626.0;1820.0;7;assigned;7[1 px]
P5_Sp_HD_fibro_021_mito;15;5009;5000;1621;1062.358;2047.458;5;assigned;5[1621 px]
P5_Sp_HD_fibro_021_mito;16;5010;5000;1100;778.824;2182.791;2;assigned;2[1100 px]
P5_Sp_HD_fibro_021_mito;17;8001;8000;14;1769.643;1478.143;10;assigned;10[14 px]
P5_Sp_HD_fibro_022_mito;1;3001;3000;589;1475.406;1175.156;4;assigned;4[589 px]
P5_Sp_HD_fibro_022_mito;2;3002;3000;626;1406.214;1278.703;4;assigned;4[626 px]
P5_Sp_HD_fibro_022_mito;3;3003;3000;1282;924.864;1389.307;3;assigned;3[1282 px]
P5_Sp_HD_fibro_022_mito;4;3004;3000;414;1003.606;1395.42;3;assigned;3[414 px]
P5_Sp_HD_fibro_022_mito;5;3005;3000;1868;1239.133;1515.442;4;assigned;4[1868 px]
P5_Sp_HD_fibro_022_mito;6;3006;3000;632;590.182;1511.017;2;assigned;2[632 px]
P5_Sp_HD_fibro_022_mito;7;4001;4000;23;1307.826;1377.522;4;assigned;4[23 px]
P5_Sp_HD_fibro_022_mito;8;4002;4000;366;1296.806;1404.243;4;assigned;4[366 px]
P5_Sp_HD_fibro_022_mito;9;5001;5000;152;1418.033;1201.618;4;assigned;4[152 px]
P5_Sp_HD_fibro_022_mito;10;5002;5000;437;1329.865;1384.094;4;assigned;4[437 px]
P5_Sp_HD_fibro_022_mito;11;5003;5000;1104;590.813;1539.896;2;assigned;2[1104 px]
P5_Sp_HD_fibro_022_mito;12;5004;5000;178;616.388;1555.618;2;assigned;2[178 px]
P5_Sp_HD_fibro_022_mito;13;5005;5000;1747;657.732;1628.233;2;assigned;2[1747 px]
P5_Sp_HD_fibro_022_mito;14;5006;5000;1120;558.019;1622.587;2;assigned;2[1120 px]
P5_Sp_HD_fibro_022_mito;15;5007;5000;1644;381.975;1831.741;1;assigned;1[1644 px]
P5_Sp_HD_fibro_022_mito;16;5008;5000;361;475.956;1801.842;1;assigned;1[361 px]
P5_Sp_HD_fibro_022_mito;17;5009;5000;701;297.986;1826.506;1;assigned;1[701 px]
P5_Sp_HD_fibro_022_mito;18;5010;5000;975;508.924;1840.92;1;assigned;1[975 px]
P5_Sp_HD_fibro_022_mito;19;5011;5000;87;490.977;1813.218;1;assigned;1[87 px]
P5_Sp_HD_fibro_022_mito;20;5012;5000;1720;334.495;1854.474;1;assigned;1[1720 px]
P5_Sp_HD_fibro_022_mito;21;5013;5000;411;475.168;1866.063;1;assigned;1[411 px]
P5_Sp_HD_fibro_022_mito;22;8001;8000;394;1327.782;1453.909;4;assigned;4[394 px]
P6_U_HD_fibro_001_mito;1;4001;4000;53;1472.642;1918.472;2;assigned;2[53 px]
P6_U_HD_fibro_001_mito;2;4002;4000;40;1504.725;1926.325;2;assigned;2[40 px]
P6_U_HD_fibro_001_mito;3;5001;5000;26;759.5;3091.115;1;assigned;1[26 px]
P6_U_HD_fibro_002_mito;1;3001;3000;4754;1854.521;2941.459;1;assigned;1[4754 px]
P6_U_HD_fibro_002_mito;2;3002;3000;3;1781.333;3025.333;1;assigned;1[3 px]
P6_U_HD_fibro_002_mito;3;3003;3000;682;1912.977;3067.641;1;assigned;1[682 px]
P6_U_HD_fibro_002_mito;4;4001;4000;6000;1936.524;1630.276;2;assigned;2[6000 px]
P6_U_HD_fibro_002_mito;5;4002;4000;116;1629.181;1790.931;2;assigned;2[116 px]
P6_U_HD_fibro_002_mito;6;4003;4000;121;1625.777;1868.777;2;assigned;2[121 px]
P6_U_HD_fibro_002_mito;7;4004;4000;1;1623.0;1863.0;2;assigned;2[1 px]
P6_U_HD_fibro_002_mito;8;4005;4000;545;1994.943;2057.69;2;assigned;2[545 px]
P6_U_HD_fibro_002_mito;9;4006;4000;4666;1826.658;2680.228;1;assigned;1[4666 px]
P6_U_HD_fibro_002_mito;10;4007;4000;177;1609.915;2723.243;1;assigned;1[177 px]
P6_U_HD_fibro_002_mito;11;4008;4000;840;2293.092;2864.2;3;assigned;3[840 px]
P6_U_HD_fibro_002_mito;12;4009;4000;2989;1467.516;2899.311;1;assigned;1[2989 px]
P6_U_HD_fibro_002_mito;13;5001;5000;57;1748.491;1534.246;2;assigned;2[57 px]
P6_U_HD_fibro_002_mito;14;5002;5000;51;1754.333;1532.902;2;assigned;2[51 px]
P6_U_HD_fibro_002_mito;15;5003;5000;291;1728.845;1555.842;2;assigned;2[291 px]
P6_U_HD_fibro_002_mito;16;5004;5000;7;1722.286;1564.143;2;assigned;2[7 px]
P6_U_HD_fibro_002_mito;17;5005;5000;517;1690.164;1820.362;2;assigned;2[517 px]
P6_U_HD_fibro_002_mito;18;5006;5000;3829;2122.436;1838.301;2;assigned;2[3829 px]
P6_U_HD_fibro_002_mito;19;5007;5000;699;2057.843;1836.87;2;assigned;2[699 px]
P6_U_HD_fibro_002_mito;20;5008;5000;902;2023.707;1844.608;2;assigned;2[902 px]
P6_U_HD_fibro_002_mito;21;5009;5000;15;1949.6;1849.6;2;assigned;2[15 px]
P6_U_HD_fibro_002_mito;22;5010;5000;2;2040.5;1852.0;2;assigned;2[2 px]
P6_U_HD_fibro_002_mito;23;5011;5000;112;1961.5;1861.5;2;assigned;2[112 px]
P6_U_HD_fibro_002_mito;24;5012;5000;153;1984.993;1862.163;2;assigned;2[153 px]
P6_U_HD_fibro_002_mito;25;5013;5000;1;2032.0;1856.0;2;assigned;2[1 px]
P6_U_HD_fibro_002_mito;26;5014;5000;304;1699.934;1916.188;2;assigned;2[304 px]
P6_U_HD_fibro_002_mito;27;5015;5000;14966;1546.846;2531.593;1;assigned;1[14966 px]
P6_U_HD_fibro_002_mito;28;5016;5000;64;1631.125;2403.594;1;assigned;1[64 px]
P6_U_HD_fibro_002_mito;29;5017;5000;7;1157.429;2421.286;1;assigned;1[7 px]
P6_U_HD_fibro_002_mito;30;5018;5000;11;1608.818;2456.818;1;assigned;1[11 px]
P6_U_HD_fibro_002_mito;31;6001;6000;99;1985.212;1839.879;2;assigned;2[99 px]
P6_U_HD_fibro_002_mito;32;6002;6000;3057;1940.502;1871.838;2;assigned;2[3057 px]
P6_U_HD_fibro_002_mito;33;6003;6000;1464;1874.179;1907.062;2;assigned;2[1464 px]
P6_U_HD_fibro_002_mito;34;6004;6000;137;1934.336;1889.336;2;assigned;2[137 px]
P6_U_HD_fibro_002_mito;35;6005;6000;348;1821.46;1926.779;2;assigned;2[348 px]
P6_U_HD_fibro_002_mito;36;6006;6000;17;1790.118;1934.765;2;assigned;2[17 px]
P6_U_HD_fibro_002_mito;37;6007;6000;19;1772.632;1939.368;2;assigned;2[19 px]
P6_U_HD_fibro_002_mito;38;6008;6000;87;1757.264;1948.368;2;assigned;2[87 px]
P6_U_HD_fibro_002_mito;39;6009;6000;23;1747.826;1957.304;2;assigned;2[23 px]
P6_U_HD_fibro_002_mito;40;6010;6000;61;1743.049;1965.459;2;assigned;2[61 px]
P6_U_HD_fibro_002_mito;41;8001;8000;3;1029.333;2522.333;1;assigned;1[3 px]
P6_U_HD_fibro_002_mito;42;8002;8000;734;1273.204;2688.963;1;assigned;1[734 px]
P6_U_HD_fibro_002_mito;43;11001;11000;442;2160.459;2627.758;3;assigned;3[442 px]
P6_U_HD_fibro_004_mito;1;4001;4000;1274;1505.693;764.139;1;assigned;1[1274 px]
P6_U_HD_fibro_004_mito;2;4002;4000;5422;1601.624;2777.637;2;assigned;2[5422 px]
P6_U_HD_fibro_004_mito;3;4003;4000;262;2169.24;3325.466;2;assigned;2[262 px]
P6_U_HD_fibro_004_mito;4;5001;5000;2499;1702.045;815.407;1;assigned;1[2499 px]
P6_U_HD_fibro_004_mito;5;5002;5000;243;1858.7;889.49;1;assigned;1[243 px]
P6_U_HD_fibro_004_mito;6;5003;5000;7874;1374.328;2758.531;2;assigned;2[7874 px]
P6_U_HD_fibro_004_mito;7;5004;5000;8832;1440.695;2792.865;2;assigned;2[8832 px]
P6_U_HD_fibro_004_mito;8;5005;5000;4051;1841.248;2850.158;2;assigned;2[4051 px]
P6_U_HD_fibro_004_mito;9;5006;5000;24;1326.458;2852.375;2;assigned;2[24 px]
P6_U_HD_fibro_004_mito;10;5007;5000;4520;1532.773;3052.663;2;assigned;2[4520 px]
P6_U_HD_fibro_004_mito;11;5008;5000;5029;1737.731;3166.852;2;assigned;2[5029 px]
P6_U_HD_fibro_004_mito;12;5009;5000;5570;2441.968;3341.873;2;assigned;2[5570 px]
P6_U_HD_fibro_004_mito;13;5010;5000;557;2107.666;3318.092;2;assigned;2[557 px]
P6_U_HD_fibro_004_mito;14;5011;5000;21;2137.238;3313.524;2;assigned;2[21 px]
P6_U_HD_fibro_004_mito;15;5012;5000;341;2170.886;3332.757;2;assigned;2[341 px]
P6_U_HD_fibro_004_mito;16;5013;5000;67;2066.612;3346.91;2;assigned;2[67 px]
P6_U_HD_fibro_004_mito;17;5014;5000;66;2070.227;3351.545;2;assigned;2[66 px]
P6_U_HD_fibro_004_mito;18;6001;6000;324;1262.123;2595.231;2;assigned;2[324 px]
P6_U_HD_fibro_004_mito;19;6002;6000;935;1261.11;2641.258;2;assigned;2[935 px]
P6_U_HD_fibro_004_mito;20;8001;8000;939;1927.722;920.308;1;assigned;1[939 px]
P6_U_HD_fibro_004_mito;21;8002;8000;1312;1317.681;2614.856;2;assigned;2[1312 px]
P6_U_HD_fibro_004_mito;22;8003;8000;1583;1153.388;2665.303;2;assigned;2[1583 px]
P6_U_HD_fibro_004_mito;23;8004;8000;34;2232.382;3381.118;2;assigned;2[34 px]
P6_U_HD_fibro_004_mito;24;8005;8000;14;2219.071;3391.857;2;assigned;2[14 px]
P6_U_HD_fibro_004_mito;25;10001;10000;2337;1368.351;2648.905;2;assigned;2[2337 px]
P6_U_HD_fibro_004_mito;26;11001;11000;625;2276.168;3085.538;2;assigned;2[625 px]
P6_U_HD_fibro_005_mito;1;2001;2000;202;2037.0;1928.545;5;assigned;5[202 px]
P6_U_HD_fibro_005_mito;2;3001;3000;1729;985.277;706.788;2;assigned;2[1729 px]
P6_U_HD_fibro_005_mito;3;3002;3000;91;2088.615;1895.341;5;assigned;5[91 px]
P6_U_HD_fibro_005_mito;4;3003;3000;47;2038.383;1922.064;5;assigned;5[47 px]
P6_U_HD_fibro_005_mito;5;3004;3000;3095;2630.727;2223.981;5;assigned;5[3095 px]
P6_U_HD_fibro_005_mito;6;3005;3000;1640;1348.409;2638.475;4;assigned;4[1640 px]
P6_U_HD_fibro_005_mito;7;3006;3000;21;2360.0;3298.524;6;assigned;6[21 px]
P6_U_HD_fibro_005_mito;8;3007;3000;28;2362.607;3302.143;6;assigned;6[28 px]
P6_U_HD_fibro_005_mito;9;4001;4000;1034;906.484;594.358;2;assigned;2[1034 px]
P6_U_HD_fibro_005_mito;10;4002;4000;23;695.739;991.348;1;assigned;1[23 px]
P6_U_HD_fibro_005_mito;11;4003;4000;1167;2099.144;2026.314;5;assigned;5[1167 px]
P6_U_HD_fibro_005_mito;12;4004;4000;65;2540.431;2146.385;5;assigned;5[65 px]
P6_U_HD_fibro_005_mito;13;4005;4000;457;1482.947;2714.028;4;assigned;4[457 px]
P6_U_HD_fibro_005_mito;14;5001;5000;4;787.5;546.0;2;assigned;2[4 px]
P6_U_HD_fibro_005_mito;15;5002;5000;350;756.477;569.434;2;assigned;2[350 px]
P6_U_HD_fibro_005_mito;16;5003;5000;1778;608.056;937.138;1;assigned;1[1778 px]
P6_U_HD_fibro_005_mito;17;5004;5000;987;762.973;1019.532;1;assigned;1[987 px]
P6_U_HD_fibro_005_mito;18;5005;5000;405;720.659;1064.951;1;assigned;1[405 px]
P6_U_HD_fibro_005_mito;19;5006;5000;667;1340.483;1357.591;5;assigned;5[667 px]
P6_U_HD_fibro_005_mito;20;5007;5000;651;1178.347;1388.389;5;assigned;5[651 px]
P6_U_HD_fibro_005_mito;21;5008;5000;12;1350.917;1445.75;5;assigned;5[12 px]
P6_U_HD_fibro_005_mito;22;5009;5000;16;1400.562;1471.562;5;assigned;5[16 px]
P6_U_HD_fibro_005_mito;23;5010;5000;42;1388.167;1476.976;5;assigned;5[42 px]
P6_U_HD_fibro_005_mito;24;5011;5000;1308;1362.584;1544.928;5;assigned;5[1308 px]
P6_U_HD_fibro_005_mito;25;5012;5000;2460;1500.728;1578.141;5;assigned;5[2460 px]
P6_U_HD_fibro_005_mito;26;5013;5000;560;1918.123;1736.843;5;assigned;5[560 px]
P6_U_HD_fibro_005_mito;27;5014;5000;288;1742.708;1755.205;5;assigned;5[288 px]
P6_U_HD_fibro_005_mito;28;5015;5000;6;1853.5;1765.333;5;assigned;5[6 px]
P6_U_HD_fibro_005_mito;29;5016;5000;747;1889.237;1821.93;5;assigned;5[747 px]
P6_U_HD_fibro_005_mito;30;5017;5000;5;1813.8;1805.6;5;assigned;5[5 px]
P6_U_HD_fibro_005_mito;31;5018;5000;6;1817.833;1808.833;5;assigned;5[6 px]
P6_U_HD_fibro_005_mito;32;5019;5000;193;2037.394;1865.943;5;assigned;5[193 px]
P6_U_HD_fibro_005_mito;33;5020;5000;175;1940.686;1880.714;5;assigned;5[175 px]
P6_U_HD_fibro_005_mito;34;5021;5000;2856;2225.352;2030.537;5;assigned;5[2856 px]
P6_U_HD_fibro_005_mito;35;5022;5000;5380;2445.595;2156.616;5;assigned;5[5380 px]
P6_U_HD_fibro_005_mito;36;5023;5000;3376;2587.782;2209.355;5;assigned;5[3376 px]
P6_U_HD_fibro_005_mito;37;5024;5000;2622;1241.277;2325.26;3;assigned;3[2622 px]
P6_U_HD_fibro_005_mito;38;5025;5000;546;1360.132;2397.67;3;assigned;3[546 px]
P6_U_HD_fibro_005_mito;39;5026;5000;293;1177.863;2403.683;3;assigned;3[293 px]
P6_U_HD_fibro_005_mito;40;5027;5000;8;1349.5;2446.5;3;assigned;3[8 px]
P6_U_HD_fibro_005_mito;41;7001;7000;69;1222.246;1270.507;5;assigned;5[69 px]
P6_U_HD_fibro_005_mito;42;7002;7000;656;1168.297;1309.34;5;assigned;5[656 px]
P6_U_HD_fibro_005_mito;43;8001;8000;314;814.522;659.283;2;assigned;2[314 px]
P6_U_HD_fibro_005_mito;44;8002;8000;281;861.032;681.836;2;assigned;2[281 px]
P6_U_HD_fibro_005_mito;45;8003;8000;1029;651.83;1012.165;1;assigned;1[1029 px]
P6_U_HD_fibro_005_mito;46;8004;8000;276;1145.123;1260.395;5;assigned;5[276 px]
P6_U_HD_fibro_005_mito;47;8005;8000;487;1545.228;1659.446;5;assigned;5[487 px]
P6_U_HD_fibro_005_mito;48;8006;8000;1072;2163.42;1937.742;5;assigned;5[1072 px]
P6_U_HD_fibro_005_mito;49;8007;8000;677;2312.938;2003.019;5;assigned;5[677 px]
P6_U_HD_fibro_005_mito;50;8008;8000;883;2478.848;2256.53;5;assigned;5[883 px]
P6_U_HD_fibro_005_mito;51;11001;11000;681;1973.342;1783.035;5;assigned;5[681 px]
P6_U_HD_fibro_006_mito;1;2001;2000;1695;2092.967;3048.076;2;assigned;2[1695 px]
P6_U_HD_fibro_006_mito;2;3001;3000;155;1939.671;2649.148;2;assigned;2[155 px]
P6_U_HD_fibro_006_mito;3;3002;3000;11;1921.727;2662.0;2;assigned;2[11 px]
P6_U_HD_fibro_006_mito;4;3003;3000;205;1897.517;2675.083;2;assigned;2[205 px]
P6_U_HD_fibro_006_mito;5;3004;3000;879;1817.817;2703.975;2;assigned;2[879 px]
P6_U_HD_fibro_006_mito;6;4001;4000;13;2403.385;1244.846;3;assigned;3[13 px]
P6_U_HD_fibro_006_mito;7;4002;4000;206;2396.854;1263.311;3;assigned;3[206 px]
P6_U_HD_fibro_006_mito;8;4003;4000;1747;1781.594;2404.814;2;assigned;2[1747 px]
P6_U_HD_fibro_006_mito;9;4004;4000;4;1364.5;2425.0;1;assigned;1[4 px]
P6_U_HD_fibro_006_mito;10;4005;4000;3071;1557.013;2727.608;1;assigned;1[3071 px]
P6_U_HD_fibro_006_mito;11;4006;4000;820;1925.448;2856.299;2;assigned;2[820 px]
P6_U_HD_fibro_006_mito;12;4007;4000;519;2256.453;3089.329;2;assigned;2[519 px]
P6_U_HD_fibro_006_mito;13;4008;4000;750;2244.468;3151.467;2;assigned;2[750 px]
P6_U_HD_fibro_006_mito;14;4009;4000;1050;2241.651;3224.83;2;assigned;2[1050 px]
P6_U_HD_fibro_006_mito;15;4010;4000;401;2432.888;3457.631;2;assigned;2[401 px]
P6_U_HD_fibro_006_mito;16;5001;5000;543;2396.127;1088.49;3;assigned;3[543 px]
P6_U_HD_fibro_006_mito;17;5002;5000;62;1066.5;1970.548;1;assigned;1[62 px]
P6_U_HD_fibro_006_mito;18;5003;5000;763;992.204;1991.448;1;assigned;1[763 px]
P6_U_HD_fibro_006_mito;19;5004;5000;66;1017.106;1994.303;1;assigned;1[66 px]
P6_U_HD_fibro_006_mito;20;5005;5000;1238;1160.88;2137.204;1;assigned;1[1238 px]
P6_U_HD_fibro_006_mito;21;5006;5000;1050;1047.236;2166.651;1;assigned;1[1050 px]
P6_U_HD_fibro_006_mito;22;5007;5000;7;1129.0;2166.714;1;assigned;1[7 px]
P6_U_HD_fibro_006_mito;23;5008;5000;41;1121.098;2172.146;1;assigned;1[41 px]
P6_U_HD_fibro_006_mito;24;5009;5000;297;1606.865;2574.7;1;assigned;1[297 px]
P6_U_HD_fibro_006_mito;25;5010;5000;4553;1472.186;2641.442;1;assigned;1[4553 px]
P6_U_HD_fibro_006_mito;26;5011;5000;4268;1995.06;2880.137;2;assigned;2[4268 px]
P6_U_HD_fibro_006_mito;27;6001;6000;117;1355.479;2386.624;1;assigned;1[117 px]
P6_U_HD_fibro_006_mito;28;6002;6000;1401;1314.924;2418.014;1;assigned;1[1401 px]
P6_U_HD_fibro_006_mito;29;6003;6000;2;1304.5;2449.0;1;assigned;1[2 px]
P6_U_HD_fibro_006_mito;30;6004;6000;547;2365.521;3392.505;2;assigned;2[547 px]
P6_U_HD_fibro_006_mito;31;8001;8000;69;1206.435;2199.188;1;assigned;1[69 px]
P6_U_HD_fibro_006_mito;32;8002;8000;1228;1388.56;2589.059;1;assigned;1[1228 px]
P6_U_HD_fibro_006_mito;33;8003;8000;600;2133.432;3132.17;2;assigned;2[600 px]
P6_U_HD_fibro_006_mito;34;8004;8000;824;2439.71;3541.939;2;assigned;2[824 px]
P6_U_HD_fibro_006_mito;35;11001;11000;1025;1198.805;2257.643;1;assigned;1[1025 px]
P6_U_HD_fibro_007_mito;1;4001;4000;6755;2434.545;2097.716;1;assigned;1[6755 px]
P6_U_HD_fibro_007_mito;2;5001;5000;1690;1647.32;854.905;1;assigned;1[1690 px]
P6_U_HD_fibro_007_mito;3;5002;5000;776;1545.55;861.175;1;assigned;1[776 px]
P6_U_HD_fibro_007_mito;4;5003;5000;33;1499.152;872.091;1;assigned;1[33 px]
P6_U_HD_fibro_007_mito;5;5004;5000;12612;1600.166;964.585;1;assigned;1[12612 px]
P6_U_HD_fibro_007_mito;6;5005;5000;2742;1817.988;1008.545;1;assigned;1[2742 px]
P6_U_HD_fibro_007_mito;7;5006;5000;442;1666.627;1026.658;1;assigned;1[442 px]
P6_U_HD_fibro_007_mito;8;5007;5000;1338;1844.116;1123.936;1;assigned;1[1338 px]
P6_U_HD_fibro_007_mito;9;5008;5000;18930;1718.691;1214.126;1;assigned;1[18930 px]
P6_U_HD_fibro_007_mito;10;5009;5000;7861;1808.873;1301.352;1;assigned;1[7861 px]
P6_U_HD_fibro_007_mito;11;5010;5000;10096;2008.784;1401.12;1;assigned;1[10096 px]
P6_U_HD_fibro_007_mito;12;5011;5000;5974;1621.407;1346.968;1;assigned;1[5974 px]
P6_U_HD_fibro_007_mito;13;5012;5000;7878;1822.531;1532.946;1;assigned;1[7878 px]
P6_U_HD_fibro_007_mito;14;5013;5000;21222;2209.1;1599.446;1;assigned;1[21222 px]
P6_U_HD_fibro_007_mito;15;5014;5000;583;1640.298;1591.46;1;assigned;1[583 px]
P6_U_HD_fibro_007_mito;16;5015;5000;967;2270.835;1687.12;1;assigned;1[967 px]
P6_U_HD_fibro_007_mito;17;5016;5000;16;2169.5;1689.5;1;assigned;1[16 px]
P6_U_HD_fibro_007_mito;18;5017;5000;4933;2141.209;1758.359;1;assigned;1[4933 px]
P6_U_HD_fibro_007_mito;19;5018;5000;18303;2207.241;1996.333;1;assigned;1[18303 px]
P6_U_HD_fibro_007_mito;20;5019;5000;141;1933.801;1910.085;1;assigned;1[141 px]
P6_U_HD_fibro_007_mito;21;5020;5000;3375;1962.213;1985.407;1;assigned;1[3375 px]
P6_U_HD_fibro_007_mito;22;5021;5000;14171;2313.473;2087.211;1;assigned;1[14171 px]
P6_U_HD_fibro_007_mito;23;5022;5000;45;2513.378;2249.933;1;assigned;1[45 px]
P6_U_HD_fibro_007_mito;24;5023;5000;1;2506.0;2257.0;1;assigned;1[1 px]
P6_U_HD_fibro_007_mito;25;5024;5000;6;2501.833;2262.167;1;assigned;1[6 px]
P6_U_HD_fibro_007_mito;26;5025;5000;1;2502.0;2264.0;1;assigned;1[1 px]
P6_U_HD_fibro_007_mito;27;8001;8000;529;2524.815;2142.788;1;assigned;1[529 px]
P6_U_HD_fibro_007_mito;28;11001;11000;1952;2445.423;2542.072;2;assigned;2[1952 px]
P6_U_HD_fibro_007_mito;29;11002;11000;106;2312.858;2543.16;2;assigned;2[106 px]
P6_U_HD_fibro_008_mito;1;4001;4000;417;276.494;1865.038;1;assigned;1[417 px]
P6_U_HD_fibro_008_mito;2;4002;4000;200;260.26;1906.265;1;assigned;1[200 px]
P6_U_HD_fibro_008_mito;3;5001;5000;39;661.615;1479.513;2;assigned;2[39 px]
P6_U_HD_fibro_008_mito;4;5002;5000;2867;635.507;1576.059;2;assigned;2[2867 px]
P6_U_HD_fibro_008_mito;5;5003;5000;3591;764.075;1581.942;2;assigned;2[3591 px]
P6_U_HD_fibro_008_mito;6;5004;5000;4173;249.005;1810.871;1;assigned;1[4173 px]
P6_U_HD_fibro_008_mito;7;5005;5000;5911;357.061;1847.565;1;assigned;1[5911 px]
P6_U_HD_fibro_008_mito;8;5006;5000;243;199.325;1803.527;1;assigned;1[243 px]
P6_U_HD_fibro_008_mito;9;5007;5000;787;2548.789;2040.853;6;assigned;6[787 px]
P6_U_HD_fibro_008_mito;10;5008;5000;213;2615.934;2061.92;6;assigned;6[213 px]
P6_U_HD_fibro_008_mito;11;5009;5000;2220;2540.102;2126.504;6;assigned;6[2220 px]
P6_U_HD_fibro_008_mito;12;5010;5000;1153;2461.973;2109.449;6;assigned;6[1153 px]
P6_U_HD_fibro_008_mito;13;6001;6000;12;932.917;1557.333;2;assigned;2[12 px]
P6_U_HD_fibro_008_mito;14;6002;6000;1908;954.703;1630.567;2;assigned;2[1908 px]
P6_U_HD_fibro_008_mito;15;11001;11000;557;85.666;1758.542;1;assigned;1[557 px]
P7_V_HD_fibro_00_mito;1;2001;2000;1808;477.403;499.08;2;assigned;2[1808 px]
P7_V_HD_fibro_00_mito;2;2002;2000;2154;620.785;2028.836;4;assigned;4[2154 px]
P7_V_HD_fibro_00_mito;3;2003;2000;1881;943.686;2195.053;4;assigned;4[1881 px]
P7_V_HD_fibro_00_mito;4;3001;3000;4992;630.26;555.866;2;assigned;2[4992 px]
P7_V_HD_fibro_00_mito;5;3002;3000;3730;796.018;2114.465;4;assigned;4[3730 px]
P7_V_HD_fibro_00_mito;6;4001;4000;1089;481.65;424.467;2;assigned;2[1089 px]
P7_V_HD_fibro_00_mito;7;4002;4000;1858;786.175;1376.963;5;assigned;5[1858 px]
P7_V_HD_fibro_00_mito;8;4003;4000;1001;829.671;1443.012;5;assigned;5[1001 px]
P7_V_HD_fibro_00_mito;9;4004;4000;47;812.638;1459.787;5;assigned;5[47 px]
P7_V_HD_fibro_00_mito;10;4005;4000;718;910.007;2124.116;4;assigned;4[718 px]
P7_V_HD_fibro_00_mito;11;4006;4000;1;937.0;2125.0;4;assigned;4[1 px]
P7_V_HD_fibro_00_mito;12;4007;4000;555;934.62;2144.742;4;assigned;4[555 px]
P7_V_HD_fibro_00_mito;13;4008;4000;654;998.459;2198.014;4;assigned;4[654 px]
P7_V_HD_fibro_00_mito;14;4009;4000;808;1084.959;2286.915;4;assigned;4[808 px]
P7_V_HD_fibro_00_mito;15;4010;4000;1516;1096.205;2327.313;4;assigned;4[1516 px]
P7_V_HD_fibro_00_mito;16;4011;4000;2543;1017.091;2351.063;4;assigned;4[2543 px]
P7_V_HD_fibro_00_mito;17;5001;5000;5;696.4;476.8;2;assigned;2[5 px]
P7_V_HD_fibro_00_mito;18;5002;5000;5072;685.816;582.728;2;assigned;2[5072 px]
P7_V_HD_fibro_00_mito;19;5003;5000;2236;838.131;585.125;2;assigned;2[2236 px]
P7_V_HD_fibro_00_mito;20;5004;5000;1874;1124.063;938.228;6;assigned;6[1874 px]
P7_V_HD_fibro_00_mito;21;5005;5000;2749;955.163;1321.606;5;assigned;5[2749 px]
P7_V_HD_fibro_00_mito;22;5006;5000;462;290.814;1602.041;1;assigned;1[462 px]
P7_V_HD_fibro_00_mito;23;8001;8000;1738;562.605;444.255;2;assigned;2[1738 px]
P7_V_HD_fibro_00_mito;24;8002;8000;290;825.417;653.083;2;assigned;2[290 px]
P7_V_HD_fibro_00_mito;25;8003;8000;1689;944.06;716.605;6;assigned;6[1689 px]
P7_V_HD_fibro_00_mito;26;8004;8000;548;1014.255;751.443;6;assigned;6[548 px]
P7_V_HD_fibro_00_mito;27;8005;8000;120;1000.092;752.308;6;assigned;6[120 px]
P7_V_HD_fibro_00_mito;28;8006;8000;740;1042.643;771.227;6;assigned;6[740 px]
P7_V_HD_fibro_00_mito;29;8007;8000;501;1075.619;796.463;6;assigned;6[501 px]
P7_V_HD_fibro_00_mito;30;8008;8000;1867;889.879;828.164;6;assigned;6[1867 px]
P7_V_HD_fibro_00_mito;31;8009;8000;1161;1020.222;945.586;6;assigned;6[1161 px]
P7_V_HD_fibro_00_mito;32;8010;8000;3903;494.172;1941.609;4;assigned;4[3903 px]
P7_V_HD_fibro_00_mito;33;11001;11000;860;893.371;2274.473;4;assigned;4[860 px]
P7_V_HD_fibro_00_mito;34;11002;11000;1027;929.388;2310.767;4;assigned;4[1027 px]
P7_V_HD_fibro_001_mito;1;4001;4000;320;382.728;984.497;3;assigned;3[320 px]
P7_V_HD_fibro_001_mito;2;4002;4000;398;243.249;999.259;3;assigned;3[398 px]
P7_V_HD_fibro_001_mito;3;4003;4000;226;288.482;1250.42;1;assigned;1[226 px]
P7_V_HD_fibro_001_mito;4;4004;4000;80;211.5;1284.35;1;assigned;1[80 px]
P7_V_HD_fibro_001_mito;5;5001;5000;874;266.522;1020.801;3;assigned;3[874 px]
P7_V_HD_fibro_001_mito;6;5002;5000;576;413.168;1214.01;1;assigned;1[576 px]
P7_V_HD_fibro_001_mito;7;5003;5000;700;345.131;1227.219;1;assigned;1[700 px]
P7_V_HD_fibro_001_mito;8;6001;6000;380;1553.176;626.376;3;assigned;3[380 px]
P7_V_HD_fibro_001_mito;9;8001;8000;186;299.935;980.957;3;assigned;3[186 px]
P7_V_HD_fibro_001_mito;10;11001;11000;268;293.504;1013.049;3;assigned;3[268 px]
P7_V_HD_fibro_002_mito;1;2001;2000;929;1074.978;640.91;9;assigned;9[929 px]
P7_V_HD_fibro_002_mito;2;3001;3000;1382;324.533;40.342;1;assigned;1[1382 px]
P7_V_HD_fibro_002_mito;3;4001;4000;1790;936.594;60.161;5;assigned;5[1790 px]
P7_V_HD_fibro_002_mito;4;4002;4000;115;999.209;7.052;5;assigned;5[115 px]
P7_V_HD_fibro_002_mito;5;4003;4000;424;1054.715;13.111;5;assigned;5[424 px]
P7_V_HD_fibro_002_mito;6;4004;4000;236;1083.398;4.631;5;assigned;5[236 px]
P7_V_HD_fibro_002_mito;7;4005;4000;3;1043.0;3.0;5;assigned;5[3 px]
P7_V_HD_fibro_002_mito;8;4006;4000;979;254.328;41.469;1;assigned;1[979 px]
P7_V_HD_fibro_002_mito;9;4007;4000;159;790.987;18.805;5;assigned;5[159 px]
P7_V_HD_fibro_002_mito;10;4008;4000;366;1069.801;35.467;5;assigned;5[366 px]
P7_V_HD_fibro_002_mito;11;4009;4000;95;822.484;38.274;5;assigned;5[95 px]
P7_V_HD_fibro_002_mito;12;4010;4000;279;818.047;62.29;5;assigned;5[279 px]
P7_V_HD_fibro_002_mito;13;4011;4000;422;1429.216;498.659;11;assigned;11[422 px]
P7_V_HD_fibro_002_mito;14;4012;4000;921;1369.169;597.811;11;assigned;11[921 px]
P7_V_HD_fibro_002_mito;15;4013;4000;261;1309.253;2136.897;10;assigned;10[261 px]
P7_V_HD_fibro_002_mito;16;5001;5000;1791;381.822;38.3;1;assigned;1[1791 px]
P7_V_HD_fibro_002_mito;17;5002;5000;1768;433.925;28.622;1;assigned;1[1768 px]
P7_V_HD_fibro_002_mito;18;5003;5000;1766;974.431;36.092;5;assigned;5[1766 px]
P7_V_HD_fibro_002_mito;19;5004;5000;1119;1261.046;254.908;9;assigned;9[1119 px]
P7_V_HD_fibro_002_mito;20;5005;5000;1;1309.0;273.0;9;assigned;9[1 px]
P7_V_HD_fibro_002_mito;21;5006;5000;1102;963.091;311.405;4;assigned;4[1102 px]
P7_V_HD_fibro_002_mito;22;5007;5000;463;1318.378;312.475;9;assigned;9[463 px]
P7_V_HD_fibro_002_mito;23;5008;5000;900;1279.993;427.657;9;assigned;9[900 px]
P7_V_HD_fibro_002_mito;24;5009;5000;891;1503.917;441.933;11;assigned;11[891 px]
P7_V_HD_fibro_002_mito;25;5010;5000;1260;898.227;465.346;4;assigned;4[1260 px]
P7_V_HD_fibro_002_mito;26;5011;5000;565;857.312;468.591;4;assigned;4[565 px]
P7_V_HD_fibro_002_mito;27;5012;5000;353;860.04;480.918;4;assigned;4[353 px]
P7_V_HD_fibro_002_mito;28;5013;5000;495;1556.929;616.188;11;assigned;11[495 px]
P7_V_HD_fibro_002_mito;29;5014;5000;945;1142.085;1262.465;8;assigned;8[945 px]
P7_V_HD_fibro_002_mito;30;5015;5000;2609;1151.468;1311.161;8;assigned;8[2609 px]
P7_V_HD_fibro_002_mito;31;5016;5000;2031;1146.988;1348.761;8;assigned;8[2031 px]
P7_V_HD_fibro_002_mito;32;5017;5000;59;1212.153;1360.322;8;assigned;8[59 px]
P7_V_HD_fibro_002_mito;33;5018;5000;2118;1141.351;1382.779;8;assigned;8[2118 px]
P7_V_HD_fibro_002_mito;34;5019;5000;1500;1145.331;1438.905;8;assigned;8[1500 px]
P7_V_HD_fibro_002_mito;35;5020;5000;737;575.615;1580.514;2;assigned;2[737 px]
P7_V_HD_fibro_002_mito;36;5021;5000;1293;641.718;1716.291;2;assigned;2[1293 px]
P7_V_HD_fibro_002_mito;37;5022;5000;293;1020.024;1723.266;6;assigned;6[293 px]
P7_V_HD_fibro_002_mito;38;5023;5000;195;979.21;1740.097;6;assigned;6[195 px]
P7_V_HD_fibro_002_mito;39;5024;5000;1317;1023.314;1952.94;6;assigned;6[1317 px]
P7_V_HD_fibro_002_mito;40;5025;5000;263;590.726;1957.673;3;assigned;3[263 px]
P7_V_HD_fibro_002_mito;41;5026;5000;13;1020.462;1977.769;6;assigned;6[13 px]
P7_V_HD_fibro_002_mito;42;5027;5000;47;612.447;1997.106;3;assigned;3[47 px]
P7_V_HD_fibro_002_mito;43;5028;5000;836;686.909;2063.181;3;assigned;3[836 px]
P7_V_HD_fibro_002_mito;44;5029;5000;1248;600.016;2164.109;3;assigned;3[1248 px]
P7_V_HD_fibro_002_mito;45;5030;5000;1171;1352.229;2186.349;10;assigned;10[1171 px]
P7_V_HD_fibro_002_mito;46;5031;5000;21;651.905;2195.19;3;assigned;3[21 px]
P7_V_HD_fibro_002_mito;47;5032;5000;5;657.8;2201.6;3;assigned;3[5 px]
P7_V_HD_fibro_002_mito;48;5033;5000;6;675.333;2212.833;3;assigned;3[6 px]
P7_V_HD_fibro_002_mito;49;5034;5000;35;1061.857;2223.686;7;assigned;7[35 px]
P7_V_HD_fibro_002_mito;50;5035;5000;110;1023.955;2242.1;7;assigned;7[110 px]
P7_V_HD_fibro_002_mito;51;5036;5000;1214;1030.824;2266.021;7;assigned;7[1214 px]
P7_V_HD_fibro_002_mito;52;6001;6000;431;889.694;75.427;5;assigned;5[431 px]
P7_V_HD_fibro_002_mito;53;6002;6000;793;949.458;123.073;5;assigned;5[793 px]
P7_V_HD_fibro_002_mito;54;6003;6000;3068;1025.081;560.061;9;assigned;9[3068 px]
P7_V_HD_fibro_002_mito;55;7001;7000;446;1017.883;89.5;5;assigned;5[446 px]
P7_V_HD_fibro_002_mito;56;8001;8000;262;201.931;5.309;1;assigned;1[262 px]
P7_V_HD_fibro_002_mito;57;8002;8000;283;216.664;26.078;1;assigned;1[283 px]
P7_V_HD_fibro_002_mito;58;8003;8000;381;826.929;141.745;5;assigned;5[381 px]
P7_V_HD_fibro_002_mito;59;8004;8000;380;1084.766;281.376;9;assigned;9[380 px]
P7_V_HD_fibro_002_mito;60;8005;8000;338;988.24;587.015;9;assigned;9[338 px]
P7_V_HD_fibro_002_mito;61;8006;8000;114;528.026;1517.114;2;assigned;2[114 px]
P7_V_HD_fibro_002_mito;62;8007;8000;202;621.738;1595.436;2;assigned;2[202 px]
P7_V_HD_fibro_002_mito;63;8008;8000;397;1082.254;1842.108;6;assigned;6[397 px]
P7_V_HD_fibro_002_mito;64;8009;8000;248;1080.952;1890.96;6;assigned;6[248 px]
P7_V_HD_fibro_002_mito;65;8010;8000;356;1271.567;2138.635;10;assigned;10[356 px]
P7_V_HD_fibro_002_mito;66;8011;8000;370;1295.203;2327.278;10;assigned;10[370 px]
P7_V_HD_fibro_002_mito;67;8012;8000;487;1069.517;2355.222;7;assigned;7[487 px]
P7_V_HD_fibro_002_mito;68;10001;10000;3419;1129.932;285.351;9;assigned;9[3419 px]
P7_V_HD_fibro_002_mito;69;10002;10000;1593;1495.059;471.65;11;assigned;11[1593 px]
P7_V_HD_fibro_002_mito;70;10003;10000;886;1206.932;507.219;9;assigned;9[886 px]
P7_V_HD_fibro_002_mito;71;10004;10000;5534;1160.259;610.203;9;assigned;9[5534 px]
P7_V_HD_fibro_002_mito;72;10005;10000;10;1242.1;529.2;9;assigned;9[10 px]
P7_V_HD_fibro_002_mito;73;10006;10000;5;1288.2;557.4;9;assigned;9[5 px]
P7_V_HD_fibro_002_mito;74;10007;10000;1615;1256.038;597.083;9;assigned;9[1615 px]
P7_V_HD_fibro_002_mito;75;11001;11000;168;1270.827;343.53;9;assigned;9[168 px]
P7_V_HD_fibro_003_mito;1;2001;2000;238;777.744;1421.664;3;assigned;3[238 px]
P7_V_HD_fibro_003_mito;2;3001;3000;3208;873.555;2022.119;4;assigned;4[3208 px]
P7_V_HD_fibro_003_mito;3;4001;4000;740;979.3;1054.107;3;assigned;3[740 px]
P7_V_HD_fibro_003_mito;4;4002;4000;805;877.291;1184.903;3;assigned;3[805 px]
P7_V_HD_fibro_003_mito;5;4003;4000;824;823.119;1362.152;3;assigned;3[824 px]
P7_V_HD_fibro_003_mito;6;4004;4000;1540;382.292;1416.227;0;zero_overlap;
P7_V_HD_fibro_003_mito;7;4005;4000;451;797.612;1463.115;3;assigned;3[451 px]
P7_V_HD_fibro_003_mito;8;4006;4000;1189;1323.909;1494.514;6;assigned;6[1189 px]
P7_V_HD_fibro_003_mito;9;4007;4000;302;834.523;1538.394;3;assigned;3[302 px]
P7_V_HD_fibro_003_mito;10;4008;4000;43;1186.0;1655.279;6;assigned;6[43 px]
P7_V_HD_fibro_003_mito;11;4009;4000;739;1217.484;1673.767;6;assigned;6[739 px]
P7_V_HD_fibro_003_mito;12;4010;4000;599;1001.107;1853.935;4;assigned;4[599 px]
P7_V_HD_fibro_003_mito;13;5001;5000;1274;1003.378;1034.667;3;assigned;3[1274 px]
P7_V_HD_fibro_003_mito;14;5002;5000;1;1004.0;1051.0;3;assigned;3[1 px]
P7_V_HD_fibro_003_mito;15;5003;5000;1476;978.95;1088.934;3;assigned;3[1476 px]
P7_V_HD_fibro_003_mito;16;5004;5000;1123;1363.167;1126.041;5;assigned;5[1123 px]
P7_V_HD_fibro_003_mito;17;5005;5000;61;1210.623;1092.623;5;assigned;5[61 px]
P7_V_HD_fibro_003_mito;18;5006;5000;1822;1213.911;1143.549;5;assigned;5[1822 px]
P7_V_HD_fibro_003_mito;19;5007;5000;1050;938.141;1154.38;3;assigned;3[1050 px]
P7_V_HD_fibro_003_mito;20;5008;5000;2589;1338.154;1224.68;5;assigned;5[2589 px]
P7_V_HD_fibro_003_mito;21;5009;5000;705;858.03;1214.406;3;assigned;3[705 px]
P7_V_HD_fibro_003_mito;22;5010;5000;3105;1221.339;1279.649;5;assigned;5[3105 px]
P7_V_HD_fibro_003_mito;23;5011;5000;1527;1284.065;1283.439;5;assigned;5[1527 px]
P7_V_HD_fibro_003_mito;24;5012;5000;13;1250.0;1269.462;5;assigned;5[13 px]
P7_V_HD_fibro_003_mito;25;5013;5000;1;1255.0;1276.0;5;assigned;5[1 px]
P7_V_HD_fibro_003_mito;26;5014;5000;74;673.378;1509.662;3;assigned;3[74 px]
P7_V_HD_fibro_003_mito;27;5015;5000;107;681.598;1535.299;3;assigned;3[107 px]
P7_V_HD_fibro_003_mito;28;5016;5000;2402;965.107;1921.698;4;assigned;4[2402 px]
P7_V_HD_fibro_003_mito;29;5017;5000;1778;893.275;2094.892;4;assigned;4[1778 px]
P7_V_HD_fibro_003_mito;30;8001;8000;427;995.85;1136.19;3;assigned;3[427 px]
P7_V_HD_fibro_003_mito;31;8002;8000;528;865.547;1388.964;3;assigned;3[528 px]
P7_V_HD_fibro_003_mito;32;8003;8000;5;884.4;1389.2;3;assigned;3[5 px]
P7_V_HD_fibro_003_mito;33;8004;8000;488;881.129;1405.727;3;assigned;3[488 px]
P7_V_HD_fibro_003_mito;34;8005;8000;158;899.57;1434.297;3;assigned;3[158 px]
P7_V_HD_fibro_003_mito;35;8006;8000;423;881.681;1951.144;4;assigned;4[423 px]
P7_V_HD_fibro_003_mito;36;10001;10000;317;719.224;785.909;2;assigned;2[317 px]
P7_V_HD_fibro_003_mito;37;10002;10000;277;628.469;850.805;2;assigned;2[277 px]
P7_V_HD_fibro_003_mito;38;10003;10000;704;736.807;867.239;2;assigned;2[704 px]
P7_V_HD_fibro_003_mito;39;10004;10000;311;680.868;945.106;2;assigned;2[311 px]
P7_V_HD_fibro_003_mito;40;10005;10000;36;727.0;949.5;2;assigned;2[36 px]
P7_V_HD_fibro_003_mito;41;10006;10000;16;590.188;985.188;2;assigned;2[16 px]
P7_V_HD_fibro_003_mito;42;10007;10000;157;585.057;1005.885;2;assigned;2[157 px]
P7_V_HD_fibro_003_mito;43;10008;10000;6;634.667;1013.833;2;assigned;2[6 px]
P7_V_HD_fibro_003_mito;44;10009;10000;3266;1297.788;1567.612;6;assigned;6[3266 px]
P7_V_HD_fibro_003_mito;45;10010;10000;1846;1223.194;1647.784;6;assigned;6[1846 px]
P7_V_HD_fibro_003_mito;46;10011;10000;6526;741.707;2110.421;4;assigned;4[6526 px]
P7_V_HD_fibro_003_mito;47;10012;10000;5051;778.344;2201.904;4;assigned;4[5051 px]
P7_V_HD_fibro_003_mito;48;11001;11000;318;858.368;1478.469;3;assigned;3[318 px]
P7_V_HD_fibro_003_mito;49;11002;11000;758;1326.323;1535.058;6;assigned;6[758 px]
P7_V_HD_fibro_004_mito;1;4001;4000;6350;551.513;1070.469;1;assigned;1[6350 px]
P7_V_HD_fibro_004_mito;2;4002;4000;5411;392.712;1148.482;1;assigned;1[5411 px]
P7_V_HD_fibro_004_mito;3;4003;4000;1463;781.262;1264.033;1;assigned;1[1463 px]
P7_V_HD_fibro_004_mito;4;4004;4000;4;1593.5;1261.5;2;assigned;2[4 px]
P7_V_HD_fibro_004_mito;5;4005;4000;1874;1561.136;1299.63;2;assigned;2[1874 px]
P7_V_HD_fibro_004_mito;6;4006;4000;5452;581.154;1328.615;1;assigned;1[5452 px]
P7_V_HD_fibro_004_mito;7;4007;4000;5210;234.939;1364.23;1;assigned;1[5210 px]
P7_V_HD_fibro_004_mito;8;4008;4000;2874;1376.937;1345.908;2;assigned;2[2874 px]
P7_V_HD_fibro_004_mito;9;4009;4000;1139;1198.783;1331.405;2;assigned;2[1139 px]
P7_V_HD_fibro_004_mito;10;4010;4000;1037;1028.009;1381.01;2;assigned;2[1037 px]
P7_V_HD_fibro_004_mito;11;4011;4000;1983;1528.805;1504.199;2;assigned;2[1983 px]
P7_V_HD_fibro_004_mito;12;4012;4000;2496;1273.341;1593.804;2;assigned;2[2496 px]
P7_V_HD_fibro_004_mito;13;5001;5000;5097;768.778;1017.813;1;assigned;1[5097 px]
P7_V_HD_fibro_004_mito;14;5002;5000;4064;1706.769;1194.282;2;assigned;2[4064 px]
P7_V_HD_fibro_004_mito;15;5003;5000;8989;316.783;1360.274;1;assigned;1[8989 px]
P7_V_HD_fibro_004_mito;16;5004;5000;10985;1314.558;1464.65;2;assigned;2[10985 px]
P7_V_HD_fibro_004_mito;17;5005;5000;11822;1167.401;1498.945;2;assigned;2[11822 px]
P7_V_HD_fibro_004_mito;18;5006;5000;18756;905.62;1491.952;2;assigned;2[18756 px]
P7_V_HD_fibro_004_mito;19;5007;5000;4656;607.032;1626.492;2;assigned;2[4656 px]
P7_V_HD_fibro_004_mito;20;5008;5000;11177;736.07;1757.64;2;assigned;2[11177 px]
P7_V_HD_fibro_004_mito;21;8001;8000;886;1768.577;1249.265;2;assigned;2[886 px]
P7_V_HD_fibro_004_mito;22;8002;8000;1435;1687.172;1343.414;2;assigned;2[1435 px]
P7_V_HD_fibro_004_mito;23;8003;8000;1388;505.059;1423.519;1;assigned;1[1388 px]
P7_V_HD_fibro_004_mito;24;8004;8000;1469;1400.238;1577.777;2;assigned;2[1469 px]
P7_V_HD_fibro_004_mito;25;8005;8000;1793;1193.651;1691.784;2;assigned;2[1793 px]
P7_V_HD_fibro_004_mito;26;10001;10000;16266;706.975;1069.408;1;assigned;1[16266 px]
P7_V_HD_fibro_004_mito;27;11001;11000;4939;737.417;1570.922;2;assigned;2[4939 px]
P7_V_HD_fibro_005_mito;1;2001;2000;1091;1106.95;1790.971;1;assigned;1[1091 px]
P7_V_HD_fibro_005_mito;2;4001;4000;156;1302.333;1193.551;2;assigned;2[156 px]
P7_V_HD_fibro_005_mito;3;4002;4000;4;1317.5;1197.5;2;assigned;2[4 px]
P7_V_HD_fibro_005_mito;4;4003;4000;31;1327.806;1202.452;2;assigned;2[31 px]
P7_V_HD_fibro_005_mito;5;4004;4000;930;1332.556;1222.295;2;assigned;2[930 px]
P7_V_HD_fibro_005_mito;6;4005;4000;3786;1294.701;1300.378;2;assigned;2[3786 px]
P7_V_HD_fibro_005_mito;7;4006;4000;439;1256.815;1351.597;2;assigned;2[439 px]
P7_V_HD_fibro_005_mito;8;4007;4000;1415;1194.842;1368.384;2;assigned;2[1415 px]
P7_V_HD_fibro_005_mito;9;4008;4000;7;1226.286;1369.429;2;assigned;2[7 px]
P7_V_HD_fibro_005_mito;10;5001;5000;4614;736.457;1664.672;1;assigned;1[4614 px]
P7_V_HD_fibro_005_mito;11;5002;5000;9867;912.157;1726.323;1;assigned;1[9867 px]
P7_V_HD_fibro_005_mito;12;5003;5000;10926;924.066;2066.66;1;assigned;1[10926 px]
P7_V_HD_fibro_005_mito;13;5004;5000;6228;921.337;2298.81;1;assigned;1[6228 px]
P7_V_HD_fibro_005_mito;14;8001;8000;12;1338.083;1090.583;2;assigned;2[12 px]
P7_V_HD_fibro_005_mito;15;8002;8000;283;1331.297;1101.127;2;assigned;2[283 px]
P7_V_HD_fibro_005_mito;16;8003;8000;2;1356.5;1106.0;2;assigned;2[2 px]
P7_V_HD_fibro_005_mito;17;8004;8000;187;1107.995;1177.61;2;assigned;2[187 px]
P7_V_HD_fibro_005_mito;18;8005;8000;4264;760.776;2030.781;1;assigned;1[4264 px]
P7_V_HD_fibro_007_mito;1;3001;3000;2786;1259.062;509.823;3;assigned;3[2786 px]
P7_V_HD_fibro_007_mito;2;3002;3000;11;1319.636;1588.273;4;assigned;4[11 px]
P7_V_HD_fibro_007_mito;3;3003;3000;1306;1351.172;1617.117;4;assigned;4[1306 px]
P7_V_HD_fibro_007_mito;4;3004;3000;1734;1321.061;1631.995;4;assigned;4[1734 px]
P7_V_HD_fibro_007_mito;5;3005;3000;14;1313.857;1601.929;4;assigned;4[14 px]
P7_V_HD_fibro_007_mito;6;3006;3000;2239;1261.446;1715.969;4;assigned;4[2239 px]
P7_V_HD_fibro_007_mito;7;4001;4000;786;588.262;1042.109;1;assigned;1[786 px]
P7_V_HD_fibro_007_mito;8;4002;4000;280;1608.018;1118.596;4;assigned;4[280 px]
P7_V_HD_fibro_007_mito;9;4003;4000;648;1648.418;1217.031;4;assigned;4[648 px]
P7_V_HD_fibro_007_mito;10;4004;4000;1235;1182.279;1784.239;4;assigned;4[1235 px]
P7_V_HD_fibro_007_mito;11;4005;4000;5;1161.8;1766.4;4;assigned;4[5 px]
P7_V_HD_fibro_007_mito;12;4006;4000;1259;1266.703;1790.832;4;assigned;4[1259 px]
P7_V_HD_fibro_007_mito;13;5001;5000;2184;1314.802;763.344;3;assigned;3[2184 px]
P7_V_HD_fibro_007_mito;14;5002;5000;2553;499.533;1031.883;1;assigned;1[2553 px]
P7_V_HD_fibro_007_mito;15;5003;5000;2740;1661.354;1099.692;4;assigned;4[2740 px]
P7_V_HD_fibro_007_mito;16;5004;5000;2642;1620.134;1168.905;4;assigned;4[2642 px]
P7_V_HD_fibro_007_mito;17;5005;5000;509;1487.745;1269.434;4;assigned;4[509 px]
P7_V_HD_fibro_007_mito;18;5006;5000;315;1553.781;1315.14;4;assigned;4[315 px]
P7_V_HD_fibro_007_mito;19;5007;5000;347;1588.228;1333.349;4;assigned;4[347 px]
P7_V_HD_fibro_007_mito;20;5008;5000;333;1392.517;1449.892;4;assigned;4[333 px]
P7_V_HD_fibro_007_mito;21;5009;5000;265;1460.668;1508.528;4;assigned;4[265 px]
P7_V_HD_fibro_007_mito;22;5010;5000;1388;1352.797;1583.618;4;assigned;4[1388 px]
P7_V_HD_fibro_007_mito;23;8001;8000;537;1379.277;879.834;3;assigned;3[537 px]
P7_V_HD_fibro_007_mito;24;8002;8000;691;1706.987;959.515;4;assigned;4[691 px]
P7_V_HD_fibro_007_mito;25;8003;8000;629;432.548;1049.647;1;assigned;1[629 px]
P7_V_HD_fibro_007_mito;26;8004;8000;981;1761.025;1071.499;4;assigned;4[981 px]
P7_V_HD_fibro_007_mito;27;8005;8000;604;1516.672;1226.169;4;assigned;4[604 px]
P7_V_HD_fibro_007_mito;28;8006;8000;8;1641.5;1252.0;4;assigned;4[8 px]
P7_V_HD_fibro_007_mito;29;11001;11000;4592;1063.906;812.697;2;assigned;2[4592 px]
P7_V_HD_fibro_007_mito;30;11002;11000;350;594.2;1086.934;1;assigned;1[350 px]
P7_V_HD_fibro_008_mito_2;1;2001;2000;501;188.018;950.928;1;assigned;1[501 px]
P7_V_HD_fibro_008_mito_2;2;4001;4000;356;859.124;178.25;3;assigned;3[356 px]
P7_V_HD_fibro_008_mito_2;3;4002;4000;604;1016.901;205.174;3;assigned;3[604 px]
P7_V_HD_fibro_008_mito_2;4;4003;4000;5;1040.8;204.4;3;assigned;3[5 px]
P7_V_HD_fibro_008_mito_2;5;4004;4000;1063;1032.379;264.801;3;assigned;3[1063 px]
P7_V_HD_fibro_008_mito_2;6;4005;4000;179;1021.832;1161.682;5;assigned;5[179 px]
P7_V_HD_fibro_008_mito_2;7;4006;4000;44;1323.682;1866.568;6;assigned;6[44 px]
P7_V_HD_fibro_008_mito_2;8;4007;4000;319;1336.69;1888.313;6;assigned;6[319 px]
P7_V_HD_fibro_008_mito_2;9;4008;4000;264;1252.871;1936.447;6;assigned;6[264 px]
P7_V_HD_fibro_008_mito_2;10;4009;4000;370;1377.005;1993.743;6;assigned;6[370 px]
P7_V_HD_fibro_008_mito_2;11;4010;4000;680;957.099;2195.894;4;assigned;4[680 px]
P7_V_HD_fibro_008_mito_2;12;4011;4000;220;1008.786;2237.936;4;assigned;4[220 px]
P7_V_HD_fibro_008_mito_2;13;4012;4000;3;873.0;2226.0;4;assigned;4[3 px]
P7_V_HD_fibro_008_mito_2;14;4013;4000;16;880.375;2232.375;4;assigned;4[16 px]
P7_V_HD_fibro_008_mito_2;15;4014;4000;34;1026.882;2239.441;4;assigned;4[34 px]
P7_V_HD_fibro_008_mito_2;16;5001;5000;491;924.839;315.035;3;assigned;3[491 px]
P7_V_HD_fibro_008_mito_2;17;5002;5000;168;1083.423;800.863;5;assigned;5[168 px]
P7_V_HD_fibro_008_mito_2;18;5003;5000;1341;1029.415;841.573;5;assigned;5[1341 px]
P7_V_HD_fibro_008_mito_2;19;5004;5000;5;1061.0;813.0;5;assigned;5[5 px]
P7_V_HD_fibro_008_mito_2;20;5005;5000;2493;969.246;921.665;5;assigned;5[2493 px]
P7_V_HD_fibro_008_mito_2;21;5006;5000;1074;1113.695;897.355;5;assigned;5[1074 px]
P7_V_HD_fibro_008_mito_2;22;5007;5000;1141;254.019;929.978;1;assigned;1[1141 px]
P7_V_HD_fibro_008_mito_2;23;5008;5000;937;948.679;1020.487;5;assigned;5[937 px]
P7_V_HD_fibro_008_mito_2;24;5009;5000;952;1107.895;1076.873;5;assigned;5[952 px]
P7_V_HD_fibro_008_mito_2;25;5010;5000;526;1140.335;1053.072;5;assigned;5[526 px]
P7_V_HD_fibro_008_mito_2;26;5011;5000;253;1115.917;1162.241;5;assigned;5[253 px]
P7_V_HD_fibro_008_mito_2;27;5012;5000;2;157.0;1629.5;2;assigned;2[2 px]
P7_V_HD_fibro_008_mito_2;28;5013;5000;1212;221.771;1797.908;2;assigned;2[1212 px]
P7_V_HD_fibro_008_mito_2;29;5014;5000;1108;1734.264;1854.574;7;assigned;7[1108 px]
P7_V_HD_fibro_008_mito_2;30;5015;5000;95;1761.716;1930.453;7;assigned;7[95 px]
P7_V_HD_fibro_008_mito_2;31;5016;5000;168;234.393;1957.464;2;assigned;2[168 px]
P7_V_HD_fibro_008_mito_2;32;5017;5000;1356;327.878;2067.105;2;assigned;2[1356 px]
P7_V_HD_fibro_008_mito_2;33;5018;5000;1890;294.669;2116.81;2;assigned;2[1890 px]
P7_V_HD_fibro_008_mito_2;34;5019;5000;1074;894.276;2184.338;4;assigned;4[1074 px]
P7_V_HD_fibro_008_mito_2;35;5020;5000;35;943.971;2174.143;4;assigned;4[35 px]
P7_V_HD_fibro_008_mito_2;36;5021;5000;820;382.948;2210.049;2;assigned;2[820 px]
P7_V_HD_fibro_008_mito_2;37;5022;5000;267;1035.146;2262.015;4;assigned;4[267 px]
P7_V_HD_fibro_008_mito_2;38;5023;5000;412;980.34;2312.694;4;assigned;4[412 px]
P7_V_HD_fibro_008_mito_2;39;6001;6000;244;992.549;173.43;3;assigned;3[244 px]
P7_V_HD_fibro_008_mito_2;40;6002;6000;767;957.339;197.971;3;assigned;3[767 px]
P7_V_HD_fibro_008_mito_2;41;7001;7000;255;982.929;304.38;3;assigned;3[255 px]
P7_V_HD_fibro_008_mito_2;42;7002;7000;72;215.958;1687.319;2;assigned;2[72 px]
P7_V_HD_fibro_008_mito_2;43;7003;7000;347;197.461;1710.369;2;assigned;2[347 px]
P7_V_HD_fibro_008_mito_2;44;7004;7000;578;1326.894;1924.943;6;assigned;6[578 px]
P7_V_HD_fibro_008_mito_2;45;8001;8000;277;1019.625;183.747;3;assigned;3[277 px]
P7_V_HD_fibro_008_mito_2;46;8002;8000;14;788.571;287.143;3;assigned;3[14 px]
P7_V_HD_fibro_008_mito_2;47;8003;8000;81;783.222;296.531;3;assigned;3[81 px]
P7_V_HD_fibro_008_mito_2;48;8004;8000;393;267.476;1841.028;2;assigned;2[393 px]
P7_V_HD_fibro_008_mito_2;49;8005;8000;515;257.781;1868.781;2;assigned;2[515 px]
P7_V_HD_fibro_008_mito_2;50;8006;8000;251;256.661;1920.625;2;assigned;2[251 px]
P7_V_HD_fibro_008_mito_2;51;8007;8000;4;377.5;2130.0;2;assigned;2[4 px]
P7_V_HD_fibro_008_mito_2;52;8008;8000;138;381.152;2141.471;2;assigned;2[138 px]
P7_V_HD_fibro_008_mito_2;53;10001;10000;172;1367.483;1946.238;6;assigned;6[172 px]
P7_V_HD_fibro_008_mito_2;54;10002;10000;551;1286.41;1953.751;6;assigned;6[551 px]
P7_V_HD_fibro_008_mito_2;55;10003;10000;416;1322.188;1967.736;6;assigned;6[416 px]
P7_V_HD_fibro_008_mito_2;56;10004;10000;11;1309.818;1974.0;6;assigned;6[11 px]
P7_V_HD_fibro_008_mito_2;57;11001;11000;137;260.35;1984.759;2;assigned;2[137 px]
P7_V_HD_fibro_008_mito_2;58;11002;11000;164;289.573;2008.226;2;assigned;2[164 px]
P7_V_HD_fibro_008_mito_2;59;11003;11000;131;295.641;2029.672;2;assigned;2[131 px]
P7_V_HD_fibro_008_mito_2;60;11004;11000;12;323.0;2027.5;2;assigned;2[12 px]
P7_V_HD_fibro_008_mito_2;61;11005;11000;68;298.868;2047.044;2;assigned;2[68 px]
P7_V_HD_fibro_009_mito;1;2001;2000;554;913.478;560.128;6;assigned;6[554 px]
P7_V_HD_fibro_009_mito;2;2002;2000;681;1020.984;612.645;6;assigned;6[681 px]
P7_V_HD_fibro_009_mito;3;2003;2000;497;966.179;693.958;6;assigned;6[497 px]
P7_V_HD_fibro_009_mito;4;2004;2000;361;1092.892;745.557;6;assigned;6[361 px]
P7_V_HD_fibro_009_mito;5;2005;2000;937;1097.666;773.156;6;assigned;6[937 px]
P7_V_HD_fibro_009_mito;6;2006;2000;27;1123.778;768.815;6;assigned;6[27 px]
P7_V_HD_fibro_009_mito;7;2007;2000;694;1055.081;813.646;6;assigned;6[694 px]
P7_V_HD_fibro_009_mito;8;2008;2000;1049;1290.079;910.799;6;assigned;6[1049 px]
P7_V_HD_fibro_009_mito;9;2009;2000;202;1317.668;902.668;6;assigned;6[202 px]
P7_V_HD_fibro_009_mito;10;2010;2000;437;1075.998;942.327;6;assigned;6[437 px]
P7_V_HD_fibro_009_mito;11;3001;3000;1556;1566.36;1053.867;6;assigned;6[1556 px]
P7_V_HD_fibro_009_mito;12;3002;3000;2000;1693.438;1097.843;6;assigned;6[2000 px]
P7_V_HD_fibro_009_mito;13;3003;3000;1802;1346.457;1720.063;7;assigned;7[1802 px]
P7_V_HD_fibro_009_mito;14;4001;4000;247;1260.798;879.012;6;assigned;6[247 px]
P7_V_HD_fibro_009_mito;15;4002;4000;608;1089.061;963.049;6;assigned;6[608 px]
P7_V_HD_fibro_009_mito;16;4003;4000;477;1085.719;988.264;6;assigned;6[477 px]
P7_V_HD_fibro_009_mito;17;4004;4000;932;1270.019;1089.505;6;assigned;6[932 px]
P7_V_HD_fibro_009_mito;18;4005;4000;1;1284.0;1060.0;6;assigned;6[1 px]
P7_V_HD_fibro_009_mito;19;4006;4000;727;1291.29;1091.662;6;assigned;6[727 px]
P7_V_HD_fibro_009_mito;20;5001;5000;1612;962.712;618.953;6;assigned;6[1612 px]
P7_V_HD_fibro_009_mito;21;5002;5000;5;937.0;672.0;6;assigned;6[5 px]
P7_V_HD_fibro_009_mito;22;5003;5000;1428;1076.081;866.239;6;assigned;6[1428 px]
P7_V_HD_fibro_009_mito;23;5004;5000;11;1057.0;869.0;6;assigned;6[11 px]
P7_V_HD_fibro_009_mito;24;5005;5000;1864;1157.136;1134.516;6;assigned;6[1864 px]
P7_V_HD_fibro_009_mito;25;5006;5000;1;1227.0;1136.0;6;assigned;6[1 px]
P7_V_HD_fibro_009_mito;26;5007;5000;713;157.82;1507.325;1;assigned;1[713 px]
P7_V_HD_fibro_009_mito;27;5008;5000;348;1316.917;1568.813;7;assigned;7[348 px]
P7_V_HD_fibro_009_mito;28;5009;5000;780;188.392;1597.476;1;assigned;1[780 px]
P7_V_HD_fibro_009_mito;29;5010;5000;1328;516.554;1602.661;3;assigned;3[1328 px]
P7_V_HD_fibro_009_mito;30;5011;5000;2100;1341.669;1639.392;7;assigned;7[2100 px]
P7_V_HD_fibro_009_mito;31;5012;5000;112;597.045;1684.92;3;assigned;3[112 px]
P7_V_HD_fibro_009_mito;32;5013;5000;131;555.985;1700.214;3;assigned;3[131 px]
P7_V_HD_fibro_009_mito;33;5014;5000;272;603.305;1747.846;3;assigned;3[272 px]
P7_V_HD_fibro_009_mito;34;5015;5000;133;542.135;1765.827;3;assigned;3[133 px]
P7_V_HD_fibro_009_mito;35;5016;5000;1067;954.843;2374.293;5;assigned;5[1067 px]
P7_V_HD_fibro_009_mito;36;6001;6000;1781;1469.354;994.471;6;assigned;6[1781 px]
P7_V_HD_fibro_009_mito;37;6002;6000;4531;1153.732;1072.49;6;assigned;6[4531 px]
P7_V_HD_fibro_009_mito;38;7001;7000;741;1061.414;741.341;6;assigned;6[741 px]
P7_V_HD_fibro_009_mito;39;8001;8000;956;966.099;551.12;6;assigned;6[956 px]
P7_V_HD_fibro_009_mito;40;8002;8000;312;1154.875;800.176;6;assigned;6[312 px]
P7_V_HD_fibro_009_mito;41;8003;8000;1163;1359.629;925.018;6;assigned;6[1163 px]
P7_V_HD_fibro_009_mito;42;8004;8000;619;812.588;2396.847;5;assigned;5[619 px]
P7_V_HD_fibro_009_mito;43;11001;11000;214;1031.626;746.523;6;assigned;6[214 px]
P7_V_HD_fibro_009_mito;44;11002;11000;1256;1342.468;995.143;6;assigned;6[1256 px]
P7_V_HD_fibro_010_mito;1;2001;2000;149;1120.443;423.55;6;assigned;6[149 px]
P7_V_HD_fibro_010_mito;2;2002;2000;420;1102.098;440.631;6;assigned;6[420 px]
P7_V_HD_fibro_010_mito;3;2003;2000;160;1084.831;455.906;6;assigned;6[160 px]
P7_V_HD_fibro_010_mito;4;2004;2000;75;948.067;591.947;6;assigned;6[75 px]
P7_V_HD_fibro_010_mito;5;2005;2000;296;933.338;612.311;6;assigned;6[296 px]
P7_V_HD_fibro_010_mito;6;2006;2000;372;804.438;705.911;6;assigned;6[372 px]
P7_V_HD_fibro_010_mito;7;2007;2000;295;607.885;878.6;6;assigned;6[295 px]
P7_V_HD_fibro_010_mito;8;2008;2000;15;741.533;1456.267;3;assigned;3[15 px]
P7_V_HD_fibro_010_mito;9;2009;2000;114;730.974;1466.0;3;assigned;3[114 px]
P7_V_HD_fibro_010_mito;10;3001;3000;941;850.513;699.886;6;assigned;6[941 px]
P7_V_HD_fibro_010_mito;11;3002;3000;865;810.083;752.431;6;assigned;6[865 px]
P7_V_HD_fibro_010_mito;12;3003;3000;488;684.248;845.654;6;assigned;6[488 px]
P7_V_HD_fibro_010_mito;13;3004;3000;502;652.002;871.018;6;assigned;6[502 px]
P7_V_HD_fibro_010_mito;14;3005;3000;1010;1592.741;1090.307;9;assigned;9[1010 px]
P7_V_HD_fibro_010_mito;15;3006;3000;495;1633.638;1177.392;9;assigned;9[495 px]
P7_V_HD_fibro_010_mito;16;3007;3000;374;1685.896;1200.709;9;assigned;9[374 px]
P7_V_HD_fibro_010_mito;17;3008;3000;798;814.586;1436.158;3;assigned;3[798 px]
P7_V_HD_fibro_010_mito;18;3009;3000;1411;1128.364;1769.571;8;assigned;8[1411 px]
P7_V_HD_fibro_010_mito;19;3010;3000;397;455.688;1963.227;1;assigned;1[397 px]
P7_V_HD_fibro_010_mito;20;3011;3000;515;420.396;1994.235;1;assigned;1[515 px]
P7_V_HD_fibro_010_mito;21;4001;4000;474;888.291;252.589;4;assigned;4[474 px]
P7_V_HD_fibro_010_mito;22;4002;4000;1;888.0;231.0;4;assigned;4[1 px]
P7_V_HD_fibro_010_mito;23;4003;4000;221;826.086;252.842;4;assigned;4[221 px]
P7_V_HD_fibro_010_mito;24;4004;4000;153;921.163;282.876;4;assigned;4[153 px]
P7_V_HD_fibro_010_mito;25;4005;4000;637;1145.356;350.777;6;assigned;6[637 px]
P7_V_HD_fibro_010_mito;26;4006;4000;207;972.213;546.623;6;assigned;6[207 px]
P7_V_HD_fibro_010_mito;27;4007;4000;111;1605.568;1176.477;9;assigned;9[111 px]
P7_V_HD_fibro_010_mito;28;4008;4000;124;1018.073;1808.548;8;assigned;8[124 px]
P7_V_HD_fibro_010_mito;29;4009;4000;9;1000.778;1817.889;8;assigned;8[9 px]
P7_V_HD_fibro_010_mito;30;4010;4000;2;1004.0;1822.5;8;assigned;8[2 px]
P7_V_HD_fibro_010_mito;31;5001;5000;515;806.186;300.478;4;assigned;4[515 px]
P7_V_HD_fibro_010_mito;32;5002;5000;499;1062.086;451.341;6;assigned;6[499 px]
P7_V_HD_fibro_010_mito;33;5003;5000;526;1041.272;467.394;6;assigned;6[526 px]
P7_V_HD_fibro_010_mito;34;5004;5000;627;1010.144;496.917;6;assigned;6[627 px]
P7_V_HD_fibro_010_mito;35;5005;5000;508;988.374;536.864;6;assigned;6[508 px]
P7_V_HD_fibro_010_mito;36;5006;5000;725;1113.015;564.321;7;assigned;7[725 px]
P7_V_HD_fibro_010_mito;37;5007;5000;817;1067.4;573.256;7;assigned;7[817 px]
P7_V_HD_fibro_010_mito;38;5008;5000;823;887.089;635.193;6;assigned;6[823 px]
P7_V_HD_fibro_010_mito;39;5009;5000;297;590.657;898.788;6;assigned;6[297 px]
P7_V_HD_fibro_010_mito;40;5010;5000;954;1760.034;1306.44;9;assigned;9[954 px]
P7_V_HD_fibro_010_mito;41;5011;5000;591;1675.303;1429.433;9;assigned;9[591 px]
P7_V_HD_fibro_010_mito;42;5012;5000;503;883.233;1426.563;3;assigned;3[503 px]
P7_V_HD_fibro_010_mito;43;5013;5000;858;587.007;1444.013;2;assigned;2[858 px]
P7_V_HD_fibro_010_mito;44;5014;5000;455;764.923;1466.629;3;assigned;3[455 px]
P7_V_HD_fibro_010_mito;45;5015;5000;563;545.409;1477.909;2;assigned;2[563 px]
P7_V_HD_fibro_010_mito;46;5016;5000;74;1696.365;1469.095;9;assigned;9[74 px]
P7_V_HD_fibro_010_mito;47;5017;5000;1066;1182.096;1736.085;8;assigned;8[1066 px]
P7_V_HD_fibro_010_mito;48;5018;5000;996;1223.763;1728.25;8;assigned;8[996 px]
P7_V_HD_fibro_010_mito;49;5019;5000;599;1048.863;1776.165;8;assigned;8[599 px]
P7_V_HD_fibro_010_mito;50;5020;5000;368;1177.367;1778.639;8;assigned;8[368 px]
P7_V_HD_fibro_010_mito;51;5021;5000;483;944.965;1788.925;5;assigned;5[483 px]
P7_V_HD_fibro_010_mito;52;5022;5000;5;1202.6;1772.8;8;assigned;8[5 px]
P7_V_HD_fibro_010_mito;53;5023;5000;55;1194.8;1783.055;8;assigned;8[55 px]
P7_V_HD_fibro_010_mito;54;5024;5000;593;996.976;1846.428;8;assigned;8[593 px]
P7_V_HD_fibro_010_mito;55;5025;5000;1077;1032.08;1849.709;8;assigned;8[1077 px]
P7_V_HD_fibro_010_mito;56;5026;5000;514;1087.265;1838.693;8;assigned;8[514 px]
P7_V_HD_fibro_010_mito;57;5027;5000;3;1007.0;1862.0;8;assigned;8[3 px]
P7_V_HD_fibro_010_mito;58;6001;6000;1514;867.822;268.153;4;assigned;4[1514 px]
P7_V_HD_fibro_010_mito;59;6002;6000;1425;1597.025;1132.364;9;assigned;9[1425 px]
P7_V_HD_fibro_010_mito;60;6003;6000;60;1567.917;1129.0;9;assigned;9[60 px]
P7_V_HD_fibro_010_mito;61;7001;7000;74;600.716;925.27;6;assigned;6[74 px]
P7_V_HD_fibro_010_mito;62;8001;8000;307;841.339;652.257;6;assigned;6[307 px]
P7_V_HD_fibro_010_mito;63;8002;8000;289;1744.408;1223.917;9;assigned;9[289 px]
P7_V_HD_fibro_010_mito;64;8003;8000;184;1767.533;1360.935;9;assigned;9[184 px]
P7_V_HD_fibro_010_mito;65;8004;8000;337;1181.338;1700.668;8;assigned;8[337 px]
P7_V_HD_fibro_010_mito;66;8005;8000;79;1075.62;1750.911;8;assigned;8[79 px]
P7_V_HD_fibro_010_mito;67;9001;9000;7;1768.0;1368.0;9;assigned;9[7 px]
P7_V_HD_fibro_010_mito;68;9002;9000;505;1765.097;1381.028;9;assigned;9[505 px]
P7_V_HD_fibro_010_mito;69;11001;11000;223;369.345;2042.502;1;assigned;1[223 px]
P7_V_HD_fibro_011_mito;1;2001;2000;3041;740.898;985.996;1;assigned;1[3041 px]
P7_V_HD_fibro_011_mito;2;2002;2000;1496;1388.28;1861.888;2;assigned;2[1496 px]
P7_V_HD_fibro_011_mito;3;4001;4000;1308;1428.749;1634.661;2;assigned;2[1308 px]
P7_V_HD_fibro_011_mito;4;4002;4000;1037;1317.489;1678.088;2;assigned;2[1037 px]
P7_V_HD_fibro_011_mito;5;4003;4000;927;1195.538;1720.805;2;assigned;2[927 px]
P7_V_HD_fibro_011_mito;6;4004;4000;1132;1697.456;1748.042;2;assigned;2[1132 px]
P7_V_HD_fibro_011_mito;7;4005;4000;1231;1022.588;1847.86;2;assigned;2[1231 px]
P7_V_HD_fibro_011_mito;8;4006;4000;1693;1323.526;1864.648;2;assigned;2[1693 px]
P7_V_HD_fibro_011_mito;9;5001;5000;3627;841.103;901.932;1;assigned;1[3627 px]
P7_V_HD_fibro_011_mito;10;5002;5000;4819;642.271;976.684;1;assigned;1[4819 px]
P7_V_HD_fibro_011_mito;11;5003;5000;6726;1611.874;1693.396;2;assigned;2[6726 px]
P7_V_HD_fibro_011_mito;12;5004;5000;4012;1530.117;1660.147;2;assigned;2[4012 px]
P7_V_HD_fibro_011_mito;13;5005;5000;5112;1275.11;1784.931;2;assigned;2[5112 px]
P7_V_HD_fibro_011_mito;14;5006;5000;2380;1516.084;1813.315;2;assigned;2[2380 px]
P7_V_HD_fibro_011_mito;15;8001;8000;2073;696.977;874.823;1;assigned;1[2073 px]
P7_V_HD_fibro_011_mito;16;8002;8000;558;819.176;979.249;1;assigned;1[558 px]
P7_V_HD_fibro_011_mito;17;8003;8000;2074;565.564;1029.266;1;assigned;1[2074 px]
P7_V_HD_fibro_011_mito;18;8004;8000;1667;1689.533;1654.206;2;assigned;2[1667 px]
P7_V_HD_fibro_011_mito;19;8005;8000;2116;1699.287;1703.538;2;assigned;2[2116 px]
P7_V_HD_fibro_011_mito;20;8006;8000;1564;1150.041;1739.328;2;assigned;2[1564 px]
P7_V_HD_fibro_011_mito;21;8007;8000;1602;1044.736;1768.194;2;assigned;2[1602 px]
P7_V_HD_fibro_011_mito;22;8008;8000;3;1023.0;1762.0;2;assigned;2[3 px]
P7_V_HD_fibro_011_mito;23;8009;8000;1286;1232.387;1892.205;2;assigned;2[1286 px]
P8_P_HD_fibro_011_mito;1;4001;4000;1227;919.153;612.751;1;assigned;1[1227 px]
P8_P_HD_fibro_011_mito;2;4002;4000;519;889.921;670.967;1;assigned;1[519 px]
P8_P_HD_fibro_011_mito;3;4003;4000;185;736.73;817.686;1;assigned;1[185 px]
P8_P_HD_fibro_011_mito;4;4004;4000;3;725.667;813.667;1;assigned;1[3 px]
P8_P_HD_fibro_011_mito;5;4005;4000;65;1554.4;947.708;2;assigned;2[65 px]
P8_P_HD_fibro_011_mito;6;4006;4000;38;1525.421;961.316;2;assigned;2[38 px]
P8_P_HD_fibro_011_mito;7;5001;5000;7;1645.429;796.143;2;assigned;2[7 px]
P8_P_HD_fibro_011_mito;8;5002;5000;1147;699.885;872.38;1;assigned;1[1147 px]
P8_P_HD_fibro_011_mito;9;5003;5000;791;1458.038;862.086;2;assigned;2[791 px]
P8_P_HD_fibro_011_mito;10;5004;5000;1126;1540.532;889.832;2;assigned;2[1126 px]
P8_P_HD_fibro_011_mito;11;5005;5000;10;1557.1;932.6;2;assigned;2[10 px]
P8_P_HD_fibro_011_mito;12;5006;5000;500;927.042;945.638;1;assigned;1[500 px]
P8_P_HD_fibro_011_mito;13;5007;5000;5;1561.6;938.2;2;assigned;2[5 px]
P8_P_HD_fibro_011_mito;14;5008;5000;2;1554.5;943.0;2;assigned;2[2 px]
P8_P_HD_fibro_011_mito;15;5009;5000;7;1560.714;946.0;2;assigned;2[7 px]
P8_P_HD_fibro_011_mito;16;5010;5000;8;873.625;984.375;1;assigned;1[8 px]
P8_P_HD_fibro_011_mito;17;5011;5000;526;891.865;1015.945;1;assigned;1[526 px]
P8_P_HD_fibro_011_mito;18;5012;5000;2265;709.905;1100.82;1;assigned;1[2265 px]
P8_P_HD_fibro_011_mito;19;6001;6000;6;1529.167;621.833;2;assigned;2[6 px]
P8_P_HD_fibro_011_mito;20;6002;6000;3928;1536.159;677.397;2;assigned;2[3928 px]
P8_P_HD_fibro_011_mito;21;8001;8000;858;1468.663;758.502;2;assigned;2[858 px]
P8_P_HD_fibro_011_mito;22;8002;8000;570;1431.909;900.551;2;assigned;2[570 px]
P8_P_HD_fibro_011_mito;23;8003;8000;388;1595.856;918.098;2;assigned;2[388 px]
P8_P_HD_fibro_011_mito;24;8004;8000;980;1504.748;962.643;2;assigned;2[980 px]
P8_P_HD_fibro_012_mito;1;2001;2000;561;622.282;715.428;1;assigned;1[561 px]
P8_P_HD_fibro_012_mito;2;2002;2000;397;1538.693;811.806;2;assigned;2[397 px]
P8_P_HD_fibro_012_mito;3;4001;4000;1707;701.009;731.186;1;assigned;1[1707 px]
P8_P_HD_fibro_012_mito;4;4002;4000;160;1463.544;738.656;2;assigned;2[160 px]
P8_P_HD_fibro_012_mito;5;4003;4000;1096;790.218;798.313;1;assigned;1[1096 px]
P8_P_HD_fibro_012_mito;6;4004;4000;1655;798.14;863.017;1;assigned;1[1655 px]
P8_P_HD_fibro_012_mito;7;4005;4000;120;1567.175;886.683;2;assigned;2[120 px]
P8_P_HD_fibro_012_mito;8;4006;4000;178;1502.955;900.82;2;assigned;2[178 px]
P8_P_HD_fibro_012_mito;9;4007;4000;823;731.702;929.038;1;assigned;1[823 px]
P8_P_HD_fibro_012_mito;10;4008;4000;558;704.414;939.763;1;assigned;1[558 px]
P8_P_HD_fibro_012_mito;11;4009;4000;7;645.714;937.0;1;assigned;1[7 px]
P8_P_HD_fibro_012_mito;12;5001;5000;2031;762.891;749.347;1;assigned;1[2031 px]
P8_P_HD_fibro_012_mito;13;5002;5000;2028;572.462;814.468;1;assigned;1[2028 px]
P8_P_HD_fibro_012_mito;14;5003;5000;75;814.6;772.333;1;assigned;1[75 px]
P8_P_HD_fibro_012_mito;15;5004;5000;1592;1468.211;812.959;2;assigned;2[1592 px]
P8_P_HD_fibro_012_mito;16;5005;5000;1348;800.364;893.278;1;assigned;1[1348 px]
P8_P_HD_fibro_012_mito;17;5006;5000;112;814.518;900.321;1;assigned;1[112 px]
P8_P_HD_fibro_012_mito;18;8001;8000;190;793.279;744.726;1;assigned;1[190 px]
P8_P_HD_fibro_012_mito;19;8002;8000;714;823.151;815.366;1;assigned;1[714 px]
P8_P_HD_fibro_012_mito;20;8003;8000;8;1436.5;869.875;2;assigned;2[8 px]
P8_P_HD_fibro_012_mito;21;8004;8000;562;760.349;935.505;1;assigned;1[562 px]
P8_P_HD_fibro_012_mito;22;8005;8000;5;785.8;932.4;1;assigned;1[5 px]
P8_P_HD_fibro_012_mito;23;8006;8000;9;677.667;949.667;1;assigned;1[9 px]
P8_P_HD_fibro_012_mito;24;11001;11000;236;1375.559;730.686;2;assigned;2[236 px]
P8_P_HD_fibro_012_mito;25;11002;11000;284;1369.028;747.437;2;assigned;2[284 px]
P8_P_HD_fibro_012_mito;26;11003;11000;191;625.105;865.309;1;assigned;1[191 px]
P8_P_HD_fibro_013_mito;1;4001;4000;4362;1512.556;1294.286;1;assigned;1[4362 px]
P8_P_HD_fibro_013_mito;2;4002;4000;3308;1566.954;1371.669;1;assigned;1[3308 px]
P8_P_HD_fibro_013_mito;3;4003;4000;2946;1585.966;1542.356;1;assigned;1[2946 px]
P8_P_HD_fibro_013_mito;4;4004;4000;5763;1493.399;1596.245;1;assigned;1[5763 px]
P8_P_HD_fibro_013_mito;5;5001;5000;6;1418.333;1612.667;1;assigned;1[6 px]
P8_P_HD_fibro_013_mito;6;5002;5000;1;1422.0;1616.0;1;assigned;1[1 px]
P8_P_HD_fibro_013_mito;7;5003;5000;7301;1499.487;1660.567;1;assigned;1[7301 px]
P8_P_HD_fibro_013_mito;8;6001;6000;16693;1482.389;1862.573;1;assigned;1[16693 px]
P8_P_HD_fibro_013_mito;9;8001;8000;1972;1454.329;1357.083;1;assigned;1[1972 px]
P8_P_HD_fibro_013_mito;10;8002;8000;1811;1449.703;1426.93;1;assigned;1[1811 px]
P8_P_HD_fibro_013_mito;11;11001;11000;1088;1461.227;1519.176;1;assigned;1[1088 px]
P8_P_HD_fibro_014_mito;1;3001;3000;4781;755.431;1258.8;1;assigned;1[4781 px]
P8_P_HD_fibro_014_mito;2;5001;5000;2827;1267.314;992.376;1;assigned;1[2827 px]
P8_P_HD_fibro_014_mito;3;5002;5000;4269;699.851;1295.595;1;assigned;1[4269 px]
P8_P_HD_fibro_014_mito;4;8001;8000;1071;1246.382;1080.821;1;assigned;1[1071 px]
P8_P_HD_fibro_014_mito;5;8002;8000;749;1214.793;1148.817;1;assigned;1[749 px]
P8_P_HD_fibro_015_25_mito;1;4001;4000;3;1029.0;1182.0;1;assigned;1[3 px]
P8_P_HD_fibro_015_25_mito;2;4002;4000;1168;1010.651;1213.751;1;assigned;1[1168 px]
P8_P_HD_fibro_015_25_mito;3;8001;8000;838;1238.427;1255.304;1;assigned;1[838 px]
P8_P_HD_fibro_015_25_mito;4;8002;8000;1253;1271.505;1386.233;1;assigned;1[1253 px]
P8_P_HD_fibro_015_25_mito;5;11001;11000;253;1536.984;692.968;2;assigned;2[253 px]
P8_P_HD_fibro_015_25_mito;6;11002;11000;1173;1006.909;1282.535;1;assigned;1[1173 px]
P8_P_HD_fibro_016_mito;1;3001;3000;5847;952.225;1377.916;1;assigned;1[5847 px]
P8_P_HD_fibro_016_mito;2;4001;4000;432;863.4;983.324;1;assigned;1[432 px]
P8_P_HD_fibro_016_mito;3;4002;4000;1774;865.231;1298.53;1;assigned;1[1774 px]
P8_P_HD_fibro_016_mito;4;4003;4000;6200;1028.352;1777.681;1;assigned;1[6200 px]
P8_P_HD_fibro_016_mito;5;4004;4000;2610;831.933;2081.335;1;assigned;1[2610 px]
P8_P_HD_fibro_016_mito;6;5001;5000;12121;1143.786;917.939;1;assigned;1[12121 px]
P8_P_HD_fibro_016_mito;7;5002;5000;11846;826.191;1675.798;1;assigned;1[11846 px]
P8_P_HD_fibro_016_mito;8;5003;5000;8259;1037.387;1987.838;1;assigned;1[8259 px]
P8_P_HD_fibro_016_mito;9;7001;7000;5094;919.417;2052.003;1;assigned;1[5094 px]
P8_P_HD_fibro_016_mito;10;8001;8000;107;828.234;1072.533;1;assigned;1[107 px]
P8_P_HD_fibro_016_mito;11;8002;8000;1648;1115.15;1198.351;1;assigned;1[1648 px]
P8_P_HD_fibro_016_mito;12;8003;8000;1333;847.614;1409.944;1;assigned;1[1333 px]
P8_P_HD_fibro_016_mito;13;8004;8000;1701;1037.974;1478.685;1;assigned;1[1701 px]
P8_P_HD_fibro_016_mito;14;11001;11000;6802;1049.625;731.298;1;assigned;1[6802 px]
P8_P_HD_fibro_016_mito;15;11002;11000;354;927.958;1514.008;1;assigned;1[354 px]
P8_P_HD_fibro_016_mito;16;11003;11000;1576;874.782;1563.333;1;assigned;1[1576 px]
P8_P_HD_fibro_016_mito;17;11004;11000;25;715.72;1977.4;1;assigned;1[25 px]
P9_D_HD_fibro_001_mito;1;3001;3000;5416;915.364;1349.573;1;assigned;1[5416 px]
P9_D_HD_fibro_001_mito;2;3002;3000;3980;611.053;1495.771;1;assigned;1[3980 px]
P9_D_HD_fibro_001_mito;3;3003;3000;4039;427.904;1685.342;1;assigned;1[4039 px]
P9_D_HD_fibro_001_mito;4;5001;5000;4979;520.588;1569.96;1;assigned;1[4979 px]
P9_D_HD_fibro_001_mito;5;5002;5000;3128;369.975;1694.888;1;assigned;1[3128 px]
P9_D_HD_fibro_001_mito;6;8001;8000;1040;699.212;1373.345;1;assigned;1[1040 px]
P9_D_HD_fibro_001_mito;7;8002;8000;1031;713.548;1508.303;1;assigned;1[1031 px]
P9_D_HD_fibro_002_mito;1;3001;3000;4;929.25;1265.0;5;assigned;5[4 px]
P9_D_HD_fibro_002_mito;2;3002;3000;11;961.636;1294.909;5;assigned;5[11 px]
P9_D_HD_fibro_002_mito;3;3003;3000;2197;850.286;1482.407;4;assigned;4[2197 px]
P9_D_HD_fibro_002_mito;4;4001;4000;406;583.906;1509.581;2;assigned;2[406 px]
P9_D_HD_fibro_002_mito;5;4002;4000;15;589.867;1529.8;2;assigned;2[15 px]
P9_D_HD_fibro_002_mito;6;5001;5000;624;608.123;1457.296;2;assigned;2[624 px]
P9_D_HD_fibro_002_mito;7;5002;5000;1942;532.775;1510.119;2;assigned;2[1942 px]
P9_D_HD_fibro_002_mito;8;5003;5000;976;506.714;1531.209;2;assigned;2[976 px]
P9_D_HD_fibro_002_mito;9;5004;5000;1699;670.855;2249.389;3;assigned;3[1699 px]
P9_D_HD_fibro_002_mito;10;5005;5000;1335;584.154;2294.216;3;assigned;3[1335 px]
P9_D_HD_fibro_002_mito;11;8001;8000;456;1400.43;356.294;7;assigned;7[456 px]
P9_D_HD_fibro_002_mito;12;8002;8000;397;1416.406;379.761;7;assigned;7[397 px]
P9_D_HD_fibro_003_mito;1;2001;2000;319;52.752;969.179;1;assigned;1[319 px]
P9_D_HD_fibro_003_mito;2;2002;2000;1655;627.711;1408.886;4;assigned;4[1655 px]
P9_D_HD_fibro_003_mito;3;2003;2000;445;717.746;1380.438;4;assigned;4[445 px]
P9_D_HD_fibro_003_mito;4;2004;2000;1138;579.445;1394.046;4;assigned;4[1138 px]
P9_D_HD_fibro_003_mito;5;3001;3000;1304;307.489;1029.563;3;assigned;3[1304 px]
P9_D_HD_fibro_003_mito;6;3002;3000;1885;331.347;1034.002;3;assigned;3[1885 px]
P9_D_HD_fibro_003_mito;7;3003;3000;1826;593.806;1046.694;3;assigned;3[1826 px]
P9_D_HD_fibro_003_mito;8;3004;3000;1102;283.446;1034.273;3;assigned;3[1102 px]
P9_D_HD_fibro_003_mito;9;3005;3000;1802;290.096;1194.988;2;assigned;2[1802 px]
P9_D_HD_fibro_003_mito;10;3006;3000;3300;1565.494;1412.897;6;assigned;6[3300 px]
P9_D_HD_fibro_003_mito;11;3007;3000;3022;695.676;1435.377;4;assigned;4[3022 px]
P9_D_HD_fibro_003_mito;12;3008;3000;1054;899.435;1475.15;4;assigned;4[1054 px]
P9_D_HD_fibro_003_mito;13;3009;3000;519;878.345;1486.464;4;assigned;4[519 px]
P9_D_HD_fibro_003_mito;14;4001;4000;342;696.956;1015.058;3;assigned;3[342 px]
P9_D_HD_fibro_003_mito;15;4002;4000;981;514.718;1083.111;3;assigned;3[981 px]
P9_D_HD_fibro_003_mito;16;4003;4000;24;1686.917;1407.083;6;assigned;6[24 px]
P9_D_HD_fibro_003_mito;17;4004;4000;892;1676.751;1444.791;6;assigned;6[892 px]
P9_D_HD_fibro_003_mito;18;5001;5000;1098;196.691;939.002;1;assigned;1[1098 px]
P9_D_HD_fibro_003_mito;19;5002;5000;1094;149.985;945.515;1;assigned;1[1094 px]
P9_D_HD_fibro_003_mito;20;5003;5000;1005;23.589;962.833;1;assigned;1[1005 px]
P9_D_HD_fibro_003_mito;21;5004;5000;2511;440.708;1038.665;3;assigned;3[2511 px]
P9_D_HD_fibro_003_mito;22;5005;5000;2736;1048.12;1060.79;5;assigned;5[2736 px]
P9_D_HD_fibro_003_mito;23;5006;5000;2643;980.31;1042.112;5;assigned;5[2643 px]
P9_D_HD_fibro_003_mito;24;5007;5000;1707;1128.927;1035.374;5;assigned;5[1707 px]
P9_D_HD_fibro_003_mito;25;5008;5000;1206;649.294;1050.438;3;assigned;3[1206 px]
P9_D_HD_fibro_003_mito;26;5009;5000;986;713.558;1048.585;3;assigned;3[986 px]
P9_D_HD_fibro_003_mito;27;5010;5000;1432;337.973;1208.197;2;assigned;2[1432 px]
P9_D_HD_fibro_003_mito;28;5011;5000;1489;406.689;1220.01;2;assigned;2[1489 px]
P9_D_HD_fibro_003_mito;29;5012;5000;641;1519.86;1358.462;6;assigned;6[641 px]
P9_D_HD_fibro_003_mito;30;5013;5000;2580;1607.688;1422.121;6;assigned;6[2580 px]
P9_D_HD_fibro_003_mito;31;5014;5000;2408;1651.363;1431.484;6;assigned;6[2408 px]
P9_D_HD_fibro_003_mito;32;5015;5000;4;1674.75;1414.25;6;assigned;6[4 px]
P9_D_HD_fibro_003_mito;33;5016;5000;1938;957.697;1492.419;4;assigned;4[1938 px]
P9_D_HD_fibro_003_mito;34;5017;5000;2038;1013.906;1509.07;4;assigned;4[2038 px]
P9_D_HD_fibro_003_mito;35;8001;8000;224;103.174;943.491;1;assigned;1[224 px]
P9_D_HD_fibro_003_mito;36;8002;8000;531;945.872;1445.414;4;assigned;4[531 px]
P9_D_HD_fibro_003_mito;37;8003;8000;317;583.678;1470.574;4;assigned;4[317 px]
P9_D_HD_fibro_003_mito;38;8004;8000;503;656.097;1496.974;4;assigned;4[503 px]
P9_D_HD_fibro_003_mito;39;11001;11000;258;239.829;947.446;1;assigned;1[258 px]
P9_D_HD_fibro_004_mito;1;3001;3000;951;898.379;1591.024;1;assigned;1[951 px]
P9_D_HD_fibro_004_mito;2;5001;5000;468;868.498;1484.224;1;assigned;1[468 px]
P9_D_HD_fibro_004_mito;3;5002;5000;870;869.87;1518.182;1;assigned;1[870 px]
P9_D_HD_fibro_004_mito;4;8001;8000;235;873.115;1628.57;1;assigned;1[235 px]
P9_D_HD_fibro_004_mito;5;11001;11000;222;914.757;1555.212;1;assigned;1[222 px]
P9_D_HD_fibro_005_mito;1;2001;2000;1918;602.46;929.885;1;assigned;1[1918 px]
P9_D_HD_fibro_005_mito;2;2002;2000;21;630.952;940.286;1;assigned;1[21 px]
P9_D_HD_fibro_005_mito;3;2003;2000;1339;815.795;1110.568;2;assigned;2[1339 px]
P9_D_HD_fibro_005_mito;4;2004;2000;1567;683.476;1172.841;2;assigned;2[1567 px]
P9_D_HD_fibro_005_mito;5;2005;2000;2512;996.084;1633.826;2;assigned;2[2512 px]
P9_D_HD_fibro_005_mito;6;4001;4000;5333;451.093;737.104;1;assigned;1[5333 px]
P9_D_HD_fibro_005_mito;7;4002;4000;1881;642.013;847.251;1;assigned;1[1881 px]
P9_D_HD_fibro_005_mito;8;4003;4000;2521;569.038;1054.012;2;assigned;2[2521 px]
P9_D_HD_fibro_005_mito;9;4004;4000;1386;752.933;1212.021;2;assigned;2[1386 px]
P9_D_HD_fibro_005_mito;10;4005;4000;1747;1013.328;1249.599;2;assigned;2[1747 px]
P9_D_HD_fibro_005_mito;11;4006;4000;1987;1062.812;1297.241;2;assigned;2[1987 px]
P9_D_HD_fibro_005_mito;12;5001;5000;3022;1324.931;399.678;3;assigned;3[3022 px]
P9_D_HD_fibro_005_mito;13;5002;5000;4060;484.461;1062.082;2;assigned;2[4060 px]
P9_D_HD_fibro_005_mito;14;5003;5000;2963;598.273;1101.828;2;assigned;2[2963 px]
P9_D_HD_fibro_005_mito;15;5004;5000;104;583.538;1097.327;2;assigned;2[104 px]
P9_D_HD_fibro_005_mito;16;5005;5000;3219;900.504;1226.638;2;assigned;2[3219 px]
P9_D_HD_fibro_005_mito;17;8001;8000;1253;966.645;1208.818;2;assigned;2[1253 px]
P9_D_HD_fibro_005_mito;18;11001;11000;663;1192.937;431.097;3;assigned;3[663 px]
P9_D_HD_fibro_005_mito;19;11002;11000;883;546.212;649.093;1;assigned;1[883 px]
P9_D_HD_fibro_005_mito;20;11003;11000;654;582.365;694.11;1;assigned;1[654 px]
P9_D_HD_fibro_005_mito;21;11004;11000;1614;544.592;747.906;1;assigned;1[1614 px]
P9_D_HD_fibro_005_mito;22;11005;11000;599;835.761;1145.027;2;assigned;2[599 px]
P9_D_HD_fibro_005_mito;23;11006;11000;144;713.562;1185.903;2;assigned;2[144 px]
P9_D_HD_fibro_005_mito;24;11007;11000;943;801.113;1215.762;2;assigned;2[943 px]
P9_D_HD_fibro_006_mito;1;3001;3000;15;741.533;297.267;1;assigned;1[15 px]
P9_D_HD_fibro_006_mito;2;3002;3000;717;790.053;363.287;1;assigned;1[717 px]
P9_D_HD_fibro_006_mito;3;3003;3000;922;757.333;455.357;1;assigned;1[922 px]
P9_D_HD_fibro_006_mito;4;3004;3000;255;853.902;466.047;0;zero_overlap;
P9_D_HD_fibro_006_mito;5;3005;3000;1247;813.379;478.665;1;assigned;1[731 px]
P9_D_HD_fibro_006_mito;6;3006;3000;73;720.726;523.808;1;assigned;1[73 px]
P9_D_HD_fibro_006_mito;7;3007;3000;143;780.692;526.594;1;assigned;1[143 px]
P9_D_HD_fibro_006_mito;8;3008;3000;20;805.95;561.85;1;assigned;1[20 px]
P9_D_HD_fibro_006_mito;9;3009;3000;16;805.5;565.625;1;assigned;1[16 px]
P9_D_HD_fibro_006_mito;10;3010;3000;436;774.617;633.608;1;assigned;1[436 px]
P9_D_HD_fibro_006_mito;11;3011;3000;388;859.438;1431.155;2;assigned;2[272 px]
P9_D_HD_fibro_006_mito;12;3012;3000;2489;838.003;1502.431;2;assigned;2[2176 px]
P9_D_HD_fibro_006_mito;13;3013;3000;3755;821.53;1578.633;2;assigned;2[64 px]
P9_D_HD_fibro_006_mito;14;3014;3000;299;905.264;1653.261;0;zero_overlap;
P9_D_HD_fibro_006_mito;15;5001;5000;70;906.043;978.157;1;assigned;1[70 px]
P9_D_HD_fibro_006_mito;16;5002;5000;77;805.338;1764.844;3;assigned;3[77 px]
P9_D_HD_fibro_006_mito;17;5003;5000;5286;876.005;1807.388;3;assigned;3[5192 px]
P9_D_HD_fibro_006_mito;18;5004;5000;120;925.675;1854.692;3;assigned;3[120 px]
P9_D_HD_fibro_006_mito;19;5005;5000;1439;851.086;1877.068;3;assigned;3[1439 px]
P9_D_HD_fibro_007_mito;1;3001;3000;858;560.437;486.307;1;assigned;1[858 px]
P9_D_HD_fibro_007_mito;2;4001;4000;324;640.75;336.707;3;assigned;3[324 px]
P9_D_HD_fibro_007_mito;3;5001;5000;1151;583.346;250.546;3;assigned;3[1151 px]
P9_D_HD_fibro_007_mito;4;5002;5000;2339;611.41;306.65;3;assigned;3[2339 px]
P9_D_HD_fibro_007_mito;5;5003;5000;668;614.609;378.337;3;assigned;3[668 px]
P9_D_HD_fibro_007_mito;6;5004;5000;40;521.875;470.675;1;assigned;1[40 px]
P9_D_HD_fibro_007_mito;7;5005;5000;739;502.422;506.241;1;assigned;1[739 px]
P9_D_HD_fibro_007_mito;8;5006;5000;872;505.22;572.22;1;assigned;1[872 px]
P9_D_HD_fibro_007_mito;9;5007;5000;747;480.06;612.292;1;assigned;1[747 px]
P9_D_HD_fibro_007_mito;10;10001;10000;1266;691.874;1615.35;4;assigned;4[1266 px]
P9_D_HD_fibro_007_mito;11;11001;11000;2664;540.505;1128.86;2;assigned;2[2664 px]